2026-01-20 00:08:52,868 [INFO] Arguments: Namespace(mode='rgb', train='True', backbone='clip', comp_info='False', gpu='4', dataset='charades', rgb_root='/home/amax/ms_temba/Charades/features/', flow_root='no_root', type='original', epochs=50, model='mstemba', load_model='False', batch_size='5', num_clips='256', skip='0', num_layer='False', unisize='True', alpha_l=1.0, beta_l=0.05, output_dir='/home/amax/ms_temba/MS-Temba-main/result/', model_ema=True, model_ema_decay=0.99996, model_ema_force_cpu=False, drop=0.0, drop_path=0.0, opt='adamw', opt_eps=1e-08, opt_betas=None, clip_grad=None, momentum=0.9, weight_decay=0.01, sched='cosine', lr=0.0005, lr_noise=None, lr_noise_pct=0.67, lr_noise_std=1.0, warmup_lr=1e-06, min_lr=1e-05, decay_epochs=30, warmup_epochs=5, cooldown_epochs=10, patience_epochs=10, decay_rate=0.1)
2026-01-20 00:08:55,128 [INFO] Number of parameters: 10040829
2026-01-20 00:08:55,130 [INFO] Epoch 0/49
2026-01-20 00:08:55,130 [INFO] ----------
2026-01-20 00:10:20,787 [INFO] Epoch 0, train-map: 0.4462
2026-01-20 00:10:20,809 [INFO] Epoch 0 - Train MAP: 0.45, Train Loss: 803.5634
2026-01-20 00:10:46,659 [INFO] Epoch 0, Full-val-map: 8.2834
2026-01-20 00:10:46,659 [INFO] Epoch 0, sampled-val-map: 8.1518
2026-01-20 00:10:46,690 [INFO] Sampled AP values: tensor([ 0.0000,  0.0000,  0.0000,  0.0000,  0.0000,  0.0000,  0.0000,  0.0000,
         2.0512,  4.9482,  0.0000,  0.0000,  0.0000,  0.0000,  0.0000,  5.1643,
         0.0000,  0.0000,  0.0000,  0.0000,  0.0000,  0.0000,  0.0000,  0.0000,
         0.0000,  0.0000,  0.0000,  0.0000,  0.0000,  0.0000,  0.0000,  0.0000,
         0.0000,  0.0000,  0.0000,  0.0000,  0.0000,  0.0000,  0.0000,  0.0000,
         0.0000,  0.0000,  0.0000,  0.0000,  0.0000,  0.0000,  0.0000,  0.0000,
         0.0000,  0.0000,  0.0000,  0.0000,  0.0000,  0.0000,  0.0000,  0.0000,
         0.0000,  0.0000,  0.0000, 14.2544,  0.0000,  0.0000,  0.0000,  0.0000,
         0.0000,  0.0000,  0.0000,  0.0000,  0.0000,  0.0000,  0.0000,  0.0000,
         0.0000,  0.0000,  0.0000,  0.0000,  0.0000,  0.0000,  0.0000,  0.0000,
         0.0000,  0.0000,  0.0000,  0.0000,  0.0000,  0.0000,  0.0000,  0.0000,
         0.0000,  0.0000,  0.0000,  0.0000,  0.0000,  0.0000,  0.0000,  0.0000,
         0.0000,  5.0970,  0.0000,  0.0000,  0.0000,  0.0000,  0.0000,  0.0000,
         0.0000,  0.0000,  3.3480,  0.0000,  0.0000,  0.0000,  0.0000,  0.0000,
         0.0000,  0.0000,  0.0000,  0.0000,  0.0000,  0.0000, 12.6746,  0.0000,
         0.0000,  0.0000,  0.0000,  0.0000,  0.0000,  0.0000,  0.0000,  0.0000,
         0.0000,  0.0000,  0.0000,  0.0000,  0.0000,  0.0000,  0.0000,  0.0000,
         0.0000,  0.0000,  0.0000,  0.0000,  0.0000,  0.0000,  0.0000,  0.0000,
         0.0000,  0.0000,  0.0000,  0.0000,  0.0000,  0.0000,  0.0000,  0.0000,
        14.9843,  0.0000,  8.2344,  0.0000, 10.7613])
2026-01-20 00:10:46,715 [INFO] Epoch 0 - Val MAP: 8.28, Val Loss: 588.8891
2026-01-20 00:10:46,715 [INFO] Epoch 0 - Sampled Val MAP: 8.15
2026-01-20 00:10:46,737 [INFO] Epoch 0, Total_Time 111.61, Epoch_time 111.61
2026-01-20 00:10:46,737 [INFO] Epoch 0, Best Sampled Val Map Update 8.1518
2026-01-20 00:10:46,761 [INFO] Logit saved at: /home/amax/ms_temba/MS-Temba-main/result//0.pkl
2026-01-20 00:10:46,811 [INFO] Best model saved at: /home/amax/ms_temba/MS-Temba-main/result//best_model.pth
2026-01-20 00:10:46,811 [INFO] Epoch 1/49
2026-01-20 00:10:46,811 [INFO] ----------
2026-01-20 00:12:14,430 [INFO] Epoch 1, train-map: 0.4659
2026-01-20 00:12:14,455 [INFO] Epoch 1 - Train MAP: 0.47, Train Loss: 153.9417
2026-01-20 00:12:40,409 [INFO] Epoch 1, Full-val-map: 10.2779
2026-01-20 00:12:40,410 [INFO] Epoch 1, sampled-val-map: 9.8016
2026-01-20 00:12:40,439 [INFO] Sampled AP values: tensor([ 0.0000,  0.0000,  0.0000,  0.0000,  0.0000,  0.0000,  0.0000,  0.0000,
         2.3398,  5.0897,  0.0000,  0.0000,  0.0000,  0.0000,  0.0000,  6.6917,
         0.0000,  0.0000,  0.0000,  0.0000,  0.0000,  0.0000,  0.0000,  0.0000,
         0.0000,  0.0000,  0.0000,  0.0000,  0.0000,  0.0000,  0.0000,  0.0000,
         0.0000,  0.0000,  0.0000,  0.0000,  0.0000,  0.0000,  0.0000,  0.0000,
         0.0000,  0.0000,  0.0000,  0.0000,  0.0000,  0.0000,  0.0000,  0.0000,
         0.0000,  0.0000,  0.0000,  0.0000,  0.0000,  0.0000,  0.0000,  0.0000,
         0.0000,  0.0000,  0.0000, 21.7465,  0.0000,  0.0000,  0.0000,  0.0000,
         0.0000,  0.0000,  0.0000,  0.0000,  0.0000,  0.0000,  0.0000,  0.0000,
         0.0000,  0.0000,  0.0000,  0.0000,  0.0000,  0.0000,  0.0000,  0.0000,
         0.0000,  0.0000,  0.0000,  0.0000,  0.0000,  0.0000,  0.0000,  0.0000,
         0.0000,  0.0000,  0.0000,  0.0000,  0.0000,  0.0000,  0.0000,  0.0000,
         0.0000,  6.3280,  0.0000,  0.0000,  0.0000,  0.0000,  0.0000,  0.0000,
         0.0000,  0.0000,  4.0427,  0.0000,  0.0000,  0.0000,  0.0000,  0.0000,
         0.0000,  0.0000,  0.0000,  0.0000,  0.0000,  0.0000, 12.0429,  0.0000,
         0.0000,  0.0000,  0.0000,  0.0000,  0.0000,  0.0000,  0.0000,  0.0000,
         0.0000,  0.0000,  0.0000,  0.0000,  0.0000,  0.0000,  0.0000,  0.0000,
         0.0000,  0.0000,  0.0000,  0.0000,  0.0000,  0.0000,  0.0000,  0.0000,
         0.0000,  0.0000,  0.0000,  0.0000,  0.0000,  0.0000,  0.0000,  0.0000,
        19.1354,  0.0000,  7.5258,  0.0000, 13.0740])
2026-01-20 00:12:40,469 [INFO] Epoch 1 - Val MAP: 10.28, Val Loss: 54.2600
2026-01-20 00:12:40,469 [INFO] Epoch 1 - Sampled Val MAP: 9.80
2026-01-20 00:12:40,470 [INFO] Epoch 1, Total_Time 225.34, Epoch_time 113.66
2026-01-20 00:12:40,470 [INFO] Epoch 1, Best Sampled Val Map Update 9.8016
2026-01-20 00:12:40,493 [INFO] Logit saved at: /home/amax/ms_temba/MS-Temba-main/result//1.pkl
2026-01-20 00:12:40,621 [INFO] Best model saved at: /home/amax/ms_temba/MS-Temba-main/result//best_model.pth
2026-01-20 00:12:40,621 [INFO] Epoch 2/49
2026-01-20 00:12:40,621 [INFO] ----------
2026-01-20 00:14:09,252 [INFO] Epoch 2, train-map: 0.5469
2026-01-20 00:14:09,278 [INFO] Epoch 2 - Train MAP: 0.55, Train Loss: 28.8496
2026-01-20 00:14:42,746 [INFO] Epoch 2, Full-val-map: 12.8663
2026-01-20 00:14:42,746 [INFO] Epoch 2, sampled-val-map: 11.3533
2026-01-20 00:14:42,781 [INFO] Sampled AP values: tensor([ 0.0000,  0.0000,  0.0000,  0.0000,  0.0000,  0.0000,  0.0000,  0.0000,
         1.6260,  5.8787,  0.0000,  0.0000,  0.0000,  0.0000,  0.0000,  9.7760,
         0.0000,  0.0000,  0.0000,  0.0000,  0.0000,  0.0000,  0.0000,  0.0000,
         0.0000,  0.0000,  0.0000,  0.0000,  0.0000,  0.0000,  0.0000,  0.0000,
         0.0000,  0.0000,  0.0000,  0.0000,  0.0000,  0.0000,  0.0000,  0.0000,
         0.0000,  0.0000,  0.0000,  0.0000,  0.0000,  0.0000,  0.0000,  0.0000,
         0.0000,  0.0000,  0.0000,  0.0000,  0.0000,  0.0000,  0.0000,  0.0000,
         0.0000,  0.0000,  0.0000, 30.0363,  0.0000,  0.0000,  0.0000,  0.0000,
         0.0000,  0.0000,  0.0000,  0.0000,  0.0000,  0.0000,  0.0000,  0.0000,
         0.0000,  0.0000,  0.0000,  0.0000,  0.0000,  0.0000,  0.0000,  0.0000,
         0.0000,  0.0000,  0.0000,  0.0000,  0.0000,  0.0000,  0.0000,  0.0000,
         0.0000,  0.0000,  0.0000,  0.0000,  0.0000,  0.0000,  0.0000,  0.0000,
         0.0000,  3.5282,  0.0000,  0.0000,  0.0000,  0.0000,  0.0000,  0.0000,
         0.0000,  0.0000,  5.7750,  0.0000,  0.0000,  0.0000,  0.0000,  0.0000,
         0.0000,  0.0000,  0.0000,  0.0000,  0.0000,  0.0000, 14.1262,  0.0000,
         0.0000,  0.0000,  0.0000,  0.0000,  0.0000,  0.0000,  0.0000,  0.0000,
         0.0000,  0.0000,  0.0000,  0.0000,  0.0000,  0.0000,  0.0000,  0.0000,
         0.0000,  0.0000,  0.0000,  0.0000,  0.0000,  0.0000,  0.0000,  0.0000,
         0.0000,  0.0000,  0.0000,  0.0000,  0.0000,  0.0000,  0.0000,  0.0000,
        14.0343,  0.0000,  7.3193,  0.0000, 21.4325])
2026-01-20 00:14:42,812 [INFO] Epoch 2 - Val MAP: 12.87, Val Loss: 20.3038
2026-01-20 00:14:42,812 [INFO] Epoch 2 - Sampled Val MAP: 11.35
2026-01-20 00:14:42,814 [INFO] Epoch 2, Total_Time 347.68, Epoch_time 122.19
2026-01-20 00:14:42,814 [INFO] Epoch 2, Best Sampled Val Map Update 11.3533
2026-01-20 00:14:42,836 [INFO] Logit saved at: /home/amax/ms_temba/MS-Temba-main/result//2.pkl
2026-01-20 00:14:42,967 [INFO] Best model saved at: /home/amax/ms_temba/MS-Temba-main/result//best_model.pth
2026-01-20 00:14:42,967 [INFO] Epoch 3/49
2026-01-20 00:14:42,967 [INFO] ----------
2026-01-20 00:16:20,875 [INFO] Epoch 3, train-map: 1.6462
2026-01-20 00:16:20,899 [INFO] Epoch 3 - Train MAP: 1.65, Train Loss: 3.6121
2026-01-20 00:16:54,077 [INFO] Epoch 3, Full-val-map: 42.1868
2026-01-20 00:16:54,077 [INFO] Epoch 3, sampled-val-map: 42.5101
2026-01-20 00:16:54,112 [INFO] Sampled AP values: tensor([ 0.0000,  0.0000,  0.0000,  0.0000,  0.0000,  0.0000,  0.0000,  0.0000,
         9.0343, 12.2466,  0.0000,  0.0000,  0.0000,  0.0000,  0.0000, 75.7415,
         0.0000,  0.0000,  0.0000,  0.0000,  0.0000,  0.0000,  0.0000,  0.0000,
         0.0000,  0.0000,  0.0000,  0.0000,  0.0000,  0.0000,  0.0000,  0.0000,
         0.0000,  0.0000,  0.0000,  0.0000,  0.0000,  0.0000,  0.0000,  0.0000,
         0.0000,  0.0000,  0.0000,  0.0000,  0.0000,  0.0000,  0.0000,  0.0000,
         0.0000,  0.0000,  0.0000,  0.0000,  0.0000,  0.0000,  0.0000,  0.0000,
         0.0000,  0.0000,  0.0000, 80.4113,  0.0000,  0.0000,  0.0000,  0.0000,
         0.0000,  0.0000,  0.0000,  0.0000,  0.0000,  0.0000,  0.0000,  0.0000,
         0.0000,  0.0000,  0.0000,  0.0000,  0.0000,  0.0000,  0.0000,  0.0000,
         0.0000,  0.0000,  0.0000,  0.0000,  0.0000,  0.0000,  0.0000,  0.0000,
         0.0000,  0.0000,  0.0000,  0.0000,  0.0000,  0.0000,  0.0000,  0.0000,
         0.0000, 14.4522,  0.0000,  0.0000,  0.0000,  0.0000,  0.0000,  0.0000,
         0.0000,  0.0000, 33.9769,  0.0000,  0.0000,  0.0000,  0.0000,  0.0000,
         0.0000,  0.0000,  0.0000,  0.0000,  0.0000,  0.0000, 43.7621,  0.0000,
         0.0000,  0.0000,  0.0000,  0.0000,  0.0000,  0.0000,  0.0000,  0.0000,
         0.0000,  0.0000,  0.0000,  0.0000,  0.0000,  0.0000,  0.0000,  0.0000,
         0.0000,  0.0000,  0.0000,  0.0000,  0.0000,  0.0000,  0.0000,  0.0000,
         0.0000,  0.0000,  0.0000,  0.0000,  0.0000,  0.0000,  0.0000,  0.0000,
        52.5124,  0.0000, 47.8208,  0.0000, 55.1429])
2026-01-20 00:16:54,144 [INFO] Epoch 3 - Val MAP: 42.19, Val Loss: 2.4659
2026-01-20 00:16:54,145 [INFO] Epoch 3 - Sampled Val MAP: 42.51
2026-01-20 00:16:54,146 [INFO] Epoch 3, Total_Time 479.02, Epoch_time 131.18
2026-01-20 00:16:54,146 [INFO] Epoch 3, Best Sampled Val Map Update 42.5101
2026-01-20 00:16:54,170 [INFO] Logit saved at: /home/amax/ms_temba/MS-Temba-main/result//3.pkl
2026-01-20 00:16:54,306 [INFO] Best model saved at: /home/amax/ms_temba/MS-Temba-main/result//best_model.pth
2026-01-20 00:16:54,306 [INFO] Epoch 4/49
2026-01-20 00:16:54,306 [INFO] ----------
2026-01-20 00:18:27,619 [INFO] Epoch 4, train-map: 2.6078
2026-01-20 00:18:27,644 [INFO] Epoch 4 - Train MAP: 2.61, Train Loss: 1.9334
2026-01-20 00:18:52,852 [INFO] Epoch 4, Full-val-map: 47.0030
2026-01-20 00:18:52,852 [INFO] Epoch 4, sampled-val-map: 45.6971
2026-01-20 00:18:52,881 [INFO] Sampled AP values: tensor([ 0.0000,  0.0000,  0.0000,  0.0000,  0.0000,  0.0000,  0.0000,  0.0000,
         8.5611,  8.7354,  0.0000,  0.0000,  0.0000,  0.0000,  0.0000, 83.0175,
         0.0000,  0.0000,  0.0000,  0.0000,  0.0000,  0.0000,  0.0000,  0.0000,
         0.0000,  0.0000,  0.0000,  0.0000,  0.0000,  0.0000,  0.0000,  0.0000,
         0.0000,  0.0000,  0.0000,  0.0000,  0.0000,  0.0000,  0.0000,  0.0000,
         0.0000,  0.0000,  0.0000,  0.0000,  0.0000,  0.0000,  0.0000,  0.0000,
         0.0000,  0.0000,  0.0000,  0.0000,  0.0000,  0.0000,  0.0000,  0.0000,
         0.0000,  0.0000,  0.0000, 78.3630,  0.0000,  0.0000,  0.0000,  0.0000,
         0.0000,  0.0000,  0.0000,  0.0000,  0.0000,  0.0000,  0.0000,  0.0000,
         0.0000,  0.0000,  0.0000,  0.0000,  0.0000,  0.0000,  0.0000,  0.0000,
         0.0000,  0.0000,  0.0000,  0.0000,  0.0000,  0.0000,  0.0000,  0.0000,
         0.0000,  0.0000,  0.0000,  0.0000,  0.0000,  0.0000,  0.0000,  0.0000,
         0.0000, 19.1956,  0.0000,  0.0000,  0.0000,  0.0000,  0.0000,  0.0000,
         0.0000,  0.0000, 47.1872,  0.0000,  0.0000,  0.0000,  0.0000,  0.0000,
         0.0000,  0.0000,  0.0000,  0.0000,  0.0000,  0.0000, 52.5233,  0.0000,
         0.0000,  0.0000,  0.0000,  0.0000,  0.0000,  0.0000,  0.0000,  0.0000,
         0.0000,  0.0000,  0.0000,  0.0000,  0.0000,  0.0000,  0.0000,  0.0000,
         0.0000,  0.0000,  0.0000,  0.0000,  0.0000,  0.0000,  0.0000,  0.0000,
         0.0000,  0.0000,  0.0000,  0.0000,  0.0000,  0.0000,  0.0000,  0.0000,
        46.0206,  0.0000, 48.9168,  0.0000, 64.4510])
2026-01-20 00:18:52,913 [INFO] Epoch 4 - Val MAP: 47.00, Val Loss: 2.0660
2026-01-20 00:18:52,914 [INFO] Epoch 4 - Sampled Val MAP: 45.70
2026-01-20 00:18:52,915 [INFO] Epoch 4, Total_Time 597.79, Epoch_time 118.61
2026-01-20 00:18:52,915 [INFO] Epoch 4, Best Sampled Val Map Update 45.6971
2026-01-20 00:18:52,937 [INFO] Logit saved at: /home/amax/ms_temba/MS-Temba-main/result//4.pkl
2026-01-20 00:18:53,071 [INFO] Best model saved at: /home/amax/ms_temba/MS-Temba-main/result//best_model.pth
2026-01-20 00:18:53,071 [INFO] Epoch 5/49
2026-01-20 00:18:53,072 [INFO] ----------
2026-01-20 00:20:21,000 [INFO] Epoch 5, train-map: 2.9228
2026-01-20 00:20:21,029 [INFO] Epoch 5 - Train MAP: 2.92, Train Loss: 1.6906
2026-01-20 00:20:47,575 [INFO] Epoch 5, Full-val-map: 47.9180
2026-01-20 00:20:47,575 [INFO] Epoch 5, sampled-val-map: 48.9415
2026-01-20 00:20:47,604 [INFO] Sampled AP values: tensor([ 0.0000,  0.0000,  0.0000,  0.0000,  0.0000,  0.0000,  0.0000,  0.0000,
        12.6363, 11.3471,  0.0000,  0.0000,  0.0000,  0.0000,  0.0000, 82.2944,
         0.0000,  0.0000,  0.0000,  0.0000,  0.0000,  0.0000,  0.0000,  0.0000,
         0.0000,  0.0000,  0.0000,  0.0000,  0.0000,  0.0000,  0.0000,  0.0000,
         0.0000,  0.0000,  0.0000,  0.0000,  0.0000,  0.0000,  0.0000,  0.0000,
         0.0000,  0.0000,  0.0000,  0.0000,  0.0000,  0.0000,  0.0000,  0.0000,
         0.0000,  0.0000,  0.0000,  0.0000,  0.0000,  0.0000,  0.0000,  0.0000,
         0.0000,  0.0000,  0.0000, 79.1902,  0.0000,  0.0000,  0.0000,  0.0000,
         0.0000,  0.0000,  0.0000,  0.0000,  0.0000,  0.0000,  0.0000,  0.0000,
         0.0000,  0.0000,  0.0000,  0.0000,  0.0000,  0.0000,  0.0000,  0.0000,
         0.0000,  0.0000,  0.0000,  0.0000,  0.0000,  0.0000,  0.0000,  0.0000,
         0.0000,  0.0000,  0.0000,  0.0000,  0.0000,  0.0000,  0.0000,  0.0000,
         0.0000, 23.6956,  0.0000,  0.0000,  0.0000,  0.0000,  0.0000,  0.0000,
         0.0000,  0.0000, 54.1767,  0.0000,  0.0000,  0.0000,  0.0000,  0.0000,
         0.0000,  0.0000,  0.0000,  0.0000,  0.0000,  0.0000, 53.8928,  0.0000,
         0.0000,  0.0000,  0.0000,  0.0000,  0.0000,  0.0000,  0.0000,  0.0000,
         0.0000,  0.0000,  0.0000,  0.0000,  0.0000,  0.0000,  0.0000,  0.0000,
         0.0000,  0.0000,  0.0000,  0.0000,  0.0000,  0.0000,  0.0000,  0.0000,
         0.0000,  0.0000,  0.0000,  0.0000,  0.0000,  0.0000,  0.0000,  0.0000,
        50.1098,  0.0000, 52.4262,  0.0000, 69.6454])
2026-01-20 00:20:47,643 [INFO] Epoch 5 - Val MAP: 47.92, Val Loss: 2.0481
2026-01-20 00:20:47,643 [INFO] Epoch 5 - Sampled Val MAP: 48.94
2026-01-20 00:20:47,644 [INFO] Epoch 5, Total_Time 712.52, Epoch_time 114.57
2026-01-20 00:20:47,644 [INFO] Epoch 5, Best Sampled Val Map Update 48.9415
2026-01-20 00:20:47,668 [INFO] Logit saved at: /home/amax/ms_temba/MS-Temba-main/result//5.pkl
2026-01-20 00:20:47,806 [INFO] Best model saved at: /home/amax/ms_temba/MS-Temba-main/result//best_model.pth
2026-01-20 00:20:47,806 [INFO] Epoch 6/49
2026-01-20 00:20:47,807 [INFO] ----------
2026-01-20 00:22:14,172 [INFO] Epoch 6, train-map: 3.1280
2026-01-20 00:22:14,194 [INFO] Epoch 6 - Train MAP: 3.13, Train Loss: 1.5760
2026-01-20 00:22:39,528 [INFO] Epoch 6, Full-val-map: 48.4491
2026-01-20 00:22:39,528 [INFO] Epoch 6, sampled-val-map: 48.3203
2026-01-20 00:22:39,557 [INFO] Sampled AP values: tensor([ 0.0000,  0.0000,  0.0000,  0.0000,  0.0000,  0.0000,  0.0000,  0.0000,
        17.0172, 10.0632,  0.0000,  0.0000,  0.0000,  0.0000,  0.0000, 77.7532,
         0.0000,  0.0000,  0.0000,  0.0000,  0.0000,  0.0000,  0.0000,  0.0000,
         0.0000,  0.0000,  0.0000,  0.0000,  0.0000,  0.0000,  0.0000,  0.0000,
         0.0000,  0.0000,  0.0000,  0.0000,  0.0000,  0.0000,  0.0000,  0.0000,
         0.0000,  0.0000,  0.0000,  0.0000,  0.0000,  0.0000,  0.0000,  0.0000,
         0.0000,  0.0000,  0.0000,  0.0000,  0.0000,  0.0000,  0.0000,  0.0000,
         0.0000,  0.0000,  0.0000, 76.4357,  0.0000,  0.0000,  0.0000,  0.0000,
         0.0000,  0.0000,  0.0000,  0.0000,  0.0000,  0.0000,  0.0000,  0.0000,
         0.0000,  0.0000,  0.0000,  0.0000,  0.0000,  0.0000,  0.0000,  0.0000,
         0.0000,  0.0000,  0.0000,  0.0000,  0.0000,  0.0000,  0.0000,  0.0000,
         0.0000,  0.0000,  0.0000,  0.0000,  0.0000,  0.0000,  0.0000,  0.0000,
         0.0000, 19.3875,  0.0000,  0.0000,  0.0000,  0.0000,  0.0000,  0.0000,
         0.0000,  0.0000, 47.9190,  0.0000,  0.0000,  0.0000,  0.0000,  0.0000,
         0.0000,  0.0000,  0.0000,  0.0000,  0.0000,  0.0000, 53.7177,  0.0000,
         0.0000,  0.0000,  0.0000,  0.0000,  0.0000,  0.0000,  0.0000,  0.0000,
         0.0000,  0.0000,  0.0000,  0.0000,  0.0000,  0.0000,  0.0000,  0.0000,
         0.0000,  0.0000,  0.0000,  0.0000,  0.0000,  0.0000,  0.0000,  0.0000,
         0.0000,  0.0000,  0.0000,  0.0000,  0.0000,  0.0000,  0.0000,  0.0000,
        63.7100,  0.0000, 50.5736,  0.0000, 66.6260])
2026-01-20 00:22:39,590 [INFO] Epoch 6 - Val MAP: 48.45, Val Loss: 2.0426
2026-01-20 00:22:39,591 [INFO] Epoch 6 - Sampled Val MAP: 48.32
2026-01-20 00:22:39,592 [INFO] Epoch 6, Total_Time 824.46, Epoch_time 111.79
2026-01-20 00:22:39,592 [INFO] Epoch 7/49
2026-01-20 00:22:39,592 [INFO] ----------
2026-01-20 00:24:04,192 [INFO] Epoch 7, train-map: 3.1476
2026-01-20 00:24:04,222 [INFO] Epoch 7 - Train MAP: 3.15, Train Loss: 1.5015
2026-01-20 00:24:29,258 [INFO] Epoch 7, Full-val-map: 49.5179
2026-01-20 00:24:29,258 [INFO] Epoch 7, sampled-val-map: 50.3175
2026-01-20 00:24:29,287 [INFO] Sampled AP values: tensor([ 0.0000,  0.0000,  0.0000,  0.0000,  0.0000,  0.0000,  0.0000,  0.0000,
        17.5727, 10.0003,  0.0000,  0.0000,  0.0000,  0.0000,  0.0000, 82.8566,
         0.0000,  0.0000,  0.0000,  0.0000,  0.0000,  0.0000,  0.0000,  0.0000,
         0.0000,  0.0000,  0.0000,  0.0000,  0.0000,  0.0000,  0.0000,  0.0000,
         0.0000,  0.0000,  0.0000,  0.0000,  0.0000,  0.0000,  0.0000,  0.0000,
         0.0000,  0.0000,  0.0000,  0.0000,  0.0000,  0.0000,  0.0000,  0.0000,
         0.0000,  0.0000,  0.0000,  0.0000,  0.0000,  0.0000,  0.0000,  0.0000,
         0.0000,  0.0000,  0.0000, 79.9685,  0.0000,  0.0000,  0.0000,  0.0000,
         0.0000,  0.0000,  0.0000,  0.0000,  0.0000,  0.0000,  0.0000,  0.0000,
         0.0000,  0.0000,  0.0000,  0.0000,  0.0000,  0.0000,  0.0000,  0.0000,
         0.0000,  0.0000,  0.0000,  0.0000,  0.0000,  0.0000,  0.0000,  0.0000,
         0.0000,  0.0000,  0.0000,  0.0000,  0.0000,  0.0000,  0.0000,  0.0000,
         0.0000, 29.5465,  0.0000,  0.0000,  0.0000,  0.0000,  0.0000,  0.0000,
         0.0000,  0.0000, 53.6111,  0.0000,  0.0000,  0.0000,  0.0000,  0.0000,
         0.0000,  0.0000,  0.0000,  0.0000,  0.0000,  0.0000, 59.9814,  0.0000,
         0.0000,  0.0000,  0.0000,  0.0000,  0.0000,  0.0000,  0.0000,  0.0000,
         0.0000,  0.0000,  0.0000,  0.0000,  0.0000,  0.0000,  0.0000,  0.0000,
         0.0000,  0.0000,  0.0000,  0.0000,  0.0000,  0.0000,  0.0000,  0.0000,
         0.0000,  0.0000,  0.0000,  0.0000,  0.0000,  0.0000,  0.0000,  0.0000,
        53.4339,  0.0000, 52.7662,  0.0000, 63.4375])
2026-01-20 00:24:29,319 [INFO] Epoch 7 - Val MAP: 49.52, Val Loss: 1.9352
2026-01-20 00:24:29,320 [INFO] Epoch 7 - Sampled Val MAP: 50.32
2026-01-20 00:24:29,321 [INFO] Epoch 7, Total_Time 934.19, Epoch_time 109.73
2026-01-20 00:24:29,321 [INFO] Epoch 7, Best Sampled Val Map Update 50.3175
2026-01-20 00:24:29,340 [INFO] Logit saved at: /home/amax/ms_temba/MS-Temba-main/result//7.pkl
2026-01-20 00:24:29,474 [INFO] Best model saved at: /home/amax/ms_temba/MS-Temba-main/result//best_model.pth
2026-01-20 00:24:29,475 [INFO] Epoch 8/49
2026-01-20 00:24:29,475 [INFO] ----------
2026-01-20 00:26:07,900 [INFO] Epoch 8, train-map: 3.3502
2026-01-20 00:26:07,929 [INFO] Epoch 8 - Train MAP: 3.35, Train Loss: 1.4233
2026-01-20 00:26:33,425 [INFO] Epoch 8, Full-val-map: 50.6223
2026-01-20 00:26:33,426 [INFO] Epoch 8, sampled-val-map: 51.6125
2026-01-20 00:26:33,454 [INFO] Sampled AP values: tensor([ 0.0000,  0.0000,  0.0000,  0.0000,  0.0000,  0.0000,  0.0000,  0.0000,
        16.9308, 10.8707,  0.0000,  0.0000,  0.0000,  0.0000,  0.0000, 79.4919,
         0.0000,  0.0000,  0.0000,  0.0000,  0.0000,  0.0000,  0.0000,  0.0000,
         0.0000,  0.0000,  0.0000,  0.0000,  0.0000,  0.0000,  0.0000,  0.0000,
         0.0000,  0.0000,  0.0000,  0.0000,  0.0000,  0.0000,  0.0000,  0.0000,
         0.0000,  0.0000,  0.0000,  0.0000,  0.0000,  0.0000,  0.0000,  0.0000,
         0.0000,  0.0000,  0.0000,  0.0000,  0.0000,  0.0000,  0.0000,  0.0000,
         0.0000,  0.0000,  0.0000, 75.0686,  0.0000,  0.0000,  0.0000,  0.0000,
         0.0000,  0.0000,  0.0000,  0.0000,  0.0000,  0.0000,  0.0000,  0.0000,
         0.0000,  0.0000,  0.0000,  0.0000,  0.0000,  0.0000,  0.0000,  0.0000,
         0.0000,  0.0000,  0.0000,  0.0000,  0.0000,  0.0000,  0.0000,  0.0000,
         0.0000,  0.0000,  0.0000,  0.0000,  0.0000,  0.0000,  0.0000,  0.0000,
         0.0000, 32.8134,  0.0000,  0.0000,  0.0000,  0.0000,  0.0000,  0.0000,
         0.0000,  0.0000, 45.6014,  0.0000,  0.0000,  0.0000,  0.0000,  0.0000,
         0.0000,  0.0000,  0.0000,  0.0000,  0.0000,  0.0000, 60.8907,  0.0000,
         0.0000,  0.0000,  0.0000,  0.0000,  0.0000,  0.0000,  0.0000,  0.0000,
         0.0000,  0.0000,  0.0000,  0.0000,  0.0000,  0.0000,  0.0000,  0.0000,
         0.0000,  0.0000,  0.0000,  0.0000,  0.0000,  0.0000,  0.0000,  0.0000,
         0.0000,  0.0000,  0.0000,  0.0000,  0.0000,  0.0000,  0.0000,  0.0000,
        74.7678,  0.0000, 52.6642,  0.0000, 67.0255])
2026-01-20 00:26:33,488 [INFO] Epoch 8 - Val MAP: 50.62, Val Loss: 1.8844
2026-01-20 00:26:33,488 [INFO] Epoch 8 - Sampled Val MAP: 51.61
2026-01-20 00:26:33,489 [INFO] Epoch 8, Total_Time 1058.36, Epoch_time 124.01
2026-01-20 00:26:33,489 [INFO] Epoch 8, Best Sampled Val Map Update 51.6125
2026-01-20 00:26:33,510 [INFO] Logit saved at: /home/amax/ms_temba/MS-Temba-main/result//8.pkl
2026-01-20 00:26:33,648 [INFO] Best model saved at: /home/amax/ms_temba/MS-Temba-main/result//best_model.pth
2026-01-20 00:26:33,649 [INFO] Epoch 9/49
2026-01-20 00:26:33,649 [INFO] ----------
2026-01-20 00:28:02,715 [INFO] Epoch 9, train-map: 3.5621
2026-01-20 00:28:02,746 [INFO] Epoch 9 - Train MAP: 3.56, Train Loss: 1.3568
2026-01-20 00:28:29,150 [INFO] Epoch 9, Full-val-map: 49.0724
2026-01-20 00:28:29,150 [INFO] Epoch 9, sampled-val-map: 49.8498
2026-01-20 00:28:29,179 [INFO] Sampled AP values: tensor([ 0.0000,  0.0000,  0.0000,  0.0000,  0.0000,  0.0000,  0.0000,  0.0000,
        11.3748, 11.3653,  0.0000,  0.0000,  0.0000,  0.0000,  0.0000, 73.1467,
         0.0000,  0.0000,  0.0000,  0.0000,  0.0000,  0.0000,  0.0000,  0.0000,
         0.0000,  0.0000,  0.0000,  0.0000,  0.0000,  0.0000,  0.0000,  0.0000,
         0.0000,  0.0000,  0.0000,  0.0000,  0.0000,  0.0000,  0.0000,  0.0000,
         0.0000,  0.0000,  0.0000,  0.0000,  0.0000,  0.0000,  0.0000,  0.0000,
         0.0000,  0.0000,  0.0000,  0.0000,  0.0000,  0.0000,  0.0000,  0.0000,
         0.0000,  0.0000,  0.0000, 79.3194,  0.0000,  0.0000,  0.0000,  0.0000,
         0.0000,  0.0000,  0.0000,  0.0000,  0.0000,  0.0000,  0.0000,  0.0000,
         0.0000,  0.0000,  0.0000,  0.0000,  0.0000,  0.0000,  0.0000,  0.0000,
         0.0000,  0.0000,  0.0000,  0.0000,  0.0000,  0.0000,  0.0000,  0.0000,
         0.0000,  0.0000,  0.0000,  0.0000,  0.0000,  0.0000,  0.0000,  0.0000,
         0.0000, 25.9713,  0.0000,  0.0000,  0.0000,  0.0000,  0.0000,  0.0000,
         0.0000,  0.0000, 44.8818,  0.0000,  0.0000,  0.0000,  0.0000,  0.0000,
         0.0000,  0.0000,  0.0000,  0.0000,  0.0000,  0.0000, 63.2909,  0.0000,
         0.0000,  0.0000,  0.0000,  0.0000,  0.0000,  0.0000,  0.0000,  0.0000,
         0.0000,  0.0000,  0.0000,  0.0000,  0.0000,  0.0000,  0.0000,  0.0000,
         0.0000,  0.0000,  0.0000,  0.0000,  0.0000,  0.0000,  0.0000,  0.0000,
         0.0000,  0.0000,  0.0000,  0.0000,  0.0000,  0.0000,  0.0000,  0.0000,
        72.7056,  0.0000, 48.5282,  0.0000, 67.9145])
2026-01-20 00:28:29,213 [INFO] Epoch 9 - Val MAP: 49.07, Val Loss: 1.9654
2026-01-20 00:28:29,213 [INFO] Epoch 9 - Sampled Val MAP: 49.85
2026-01-20 00:28:29,214 [INFO] Epoch 9, Total_Time 1174.09, Epoch_time 115.57
2026-01-20 00:28:29,214 [INFO] Epoch 10/49
2026-01-20 00:28:29,214 [INFO] ----------
2026-01-20 00:29:54,794 [INFO] Epoch 10, train-map: 3.8061
2026-01-20 00:29:54,820 [INFO] Epoch 10 - Train MAP: 3.81, Train Loss: 1.2979
2026-01-20 00:30:20,352 [INFO] Epoch 10, Full-val-map: 49.3742
2026-01-20 00:30:20,352 [INFO] Epoch 10, sampled-val-map: 49.6067
2026-01-20 00:30:20,381 [INFO] Sampled AP values: tensor([ 0.0000,  0.0000,  0.0000,  0.0000,  0.0000,  0.0000,  0.0000,  0.0000,
        17.8201, 11.9100,  0.0000,  0.0000,  0.0000,  0.0000,  0.0000, 84.6668,
         0.0000,  0.0000,  0.0000,  0.0000,  0.0000,  0.0000,  0.0000,  0.0000,
         0.0000,  0.0000,  0.0000,  0.0000,  0.0000,  0.0000,  0.0000,  0.0000,
         0.0000,  0.0000,  0.0000,  0.0000,  0.0000,  0.0000,  0.0000,  0.0000,
         0.0000,  0.0000,  0.0000,  0.0000,  0.0000,  0.0000,  0.0000,  0.0000,
         0.0000,  0.0000,  0.0000,  0.0000,  0.0000,  0.0000,  0.0000,  0.0000,
         0.0000,  0.0000,  0.0000, 73.9785,  0.0000,  0.0000,  0.0000,  0.0000,
         0.0000,  0.0000,  0.0000,  0.0000,  0.0000,  0.0000,  0.0000,  0.0000,
         0.0000,  0.0000,  0.0000,  0.0000,  0.0000,  0.0000,  0.0000,  0.0000,
         0.0000,  0.0000,  0.0000,  0.0000,  0.0000,  0.0000,  0.0000,  0.0000,
         0.0000,  0.0000,  0.0000,  0.0000,  0.0000,  0.0000,  0.0000,  0.0000,
         0.0000, 31.6382,  0.0000,  0.0000,  0.0000,  0.0000,  0.0000,  0.0000,
         0.0000,  0.0000, 44.7031,  0.0000,  0.0000,  0.0000,  0.0000,  0.0000,
         0.0000,  0.0000,  0.0000,  0.0000,  0.0000,  0.0000, 61.5753,  0.0000,
         0.0000,  0.0000,  0.0000,  0.0000,  0.0000,  0.0000,  0.0000,  0.0000,
         0.0000,  0.0000,  0.0000,  0.0000,  0.0000,  0.0000,  0.0000,  0.0000,
         0.0000,  0.0000,  0.0000,  0.0000,  0.0000,  0.0000,  0.0000,  0.0000,
         0.0000,  0.0000,  0.0000,  0.0000,  0.0000,  0.0000,  0.0000,  0.0000,
        59.4490,  0.0000, 44.3568,  0.0000, 65.9687])
2026-01-20 00:30:20,415 [INFO] Epoch 10 - Val MAP: 49.37, Val Loss: 2.0172
2026-01-20 00:30:20,416 [INFO] Epoch 10 - Sampled Val MAP: 49.61
2026-01-20 00:30:20,417 [INFO] Epoch 10, Total_Time 1285.29, Epoch_time 111.20
2026-01-20 00:30:20,417 [INFO] Epoch 11/49
2026-01-20 00:30:20,417 [INFO] ----------
2026-01-20 00:31:55,836 [INFO] Epoch 11, train-map: 3.9011
2026-01-20 00:31:55,862 [INFO] Epoch 11 - Train MAP: 3.90, Train Loss: 1.2318
2026-01-20 00:32:21,989 [INFO] Epoch 11, Full-val-map: 50.4709
2026-01-20 00:32:21,989 [INFO] Epoch 11, sampled-val-map: 50.7298
2026-01-20 00:32:22,018 [INFO] Sampled AP values: tensor([ 0.0000,  0.0000,  0.0000,  0.0000,  0.0000,  0.0000,  0.0000,  0.0000,
        21.1021, 11.9757,  0.0000,  0.0000,  0.0000,  0.0000,  0.0000, 78.2893,
         0.0000,  0.0000,  0.0000,  0.0000,  0.0000,  0.0000,  0.0000,  0.0000,
         0.0000,  0.0000,  0.0000,  0.0000,  0.0000,  0.0000,  0.0000,  0.0000,
         0.0000,  0.0000,  0.0000,  0.0000,  0.0000,  0.0000,  0.0000,  0.0000,
         0.0000,  0.0000,  0.0000,  0.0000,  0.0000,  0.0000,  0.0000,  0.0000,
         0.0000,  0.0000,  0.0000,  0.0000,  0.0000,  0.0000,  0.0000,  0.0000,
         0.0000,  0.0000,  0.0000, 70.9732,  0.0000,  0.0000,  0.0000,  0.0000,
         0.0000,  0.0000,  0.0000,  0.0000,  0.0000,  0.0000,  0.0000,  0.0000,
         0.0000,  0.0000,  0.0000,  0.0000,  0.0000,  0.0000,  0.0000,  0.0000,
         0.0000,  0.0000,  0.0000,  0.0000,  0.0000,  0.0000,  0.0000,  0.0000,
         0.0000,  0.0000,  0.0000,  0.0000,  0.0000,  0.0000,  0.0000,  0.0000,
         0.0000, 37.4357,  0.0000,  0.0000,  0.0000,  0.0000,  0.0000,  0.0000,
         0.0000,  0.0000, 45.7073,  0.0000,  0.0000,  0.0000,  0.0000,  0.0000,
         0.0000,  0.0000,  0.0000,  0.0000,  0.0000,  0.0000, 63.0550,  0.0000,
         0.0000,  0.0000,  0.0000,  0.0000,  0.0000,  0.0000,  0.0000,  0.0000,
         0.0000,  0.0000,  0.0000,  0.0000,  0.0000,  0.0000,  0.0000,  0.0000,
         0.0000,  0.0000,  0.0000,  0.0000,  0.0000,  0.0000,  0.0000,  0.0000,
         0.0000,  0.0000,  0.0000,  0.0000,  0.0000,  0.0000,  0.0000,  0.0000,
        74.2004,  0.0000, 45.4741,  0.0000, 59.0854])
2026-01-20 00:32:22,052 [INFO] Epoch 11 - Val MAP: 50.47, Val Loss: 1.9237
2026-01-20 00:32:22,052 [INFO] Epoch 11 - Sampled Val MAP: 50.73
2026-01-20 00:32:22,053 [INFO] Epoch 11, Total_Time 1406.92, Epoch_time 121.64
2026-01-20 00:32:22,053 [INFO] Epoch 12/49
2026-01-20 00:32:22,053 [INFO] ----------
2026-01-20 00:33:55,975 [INFO] Epoch 12, train-map: 4.1989
2026-01-20 00:33:56,000 [INFO] Epoch 12 - Train MAP: 4.20, Train Loss: 1.1372
2026-01-20 00:34:21,553 [INFO] Epoch 12, Full-val-map: 49.0567
2026-01-20 00:34:21,553 [INFO] Epoch 12, sampled-val-map: 48.3112
2026-01-20 00:34:21,582 [INFO] Sampled AP values: tensor([ 0.0000,  0.0000,  0.0000,  0.0000,  0.0000,  0.0000,  0.0000,  0.0000,
        24.9902,  9.7956,  0.0000,  0.0000,  0.0000,  0.0000,  0.0000, 78.8157,
         0.0000,  0.0000,  0.0000,  0.0000,  0.0000,  0.0000,  0.0000,  0.0000,
         0.0000,  0.0000,  0.0000,  0.0000,  0.0000,  0.0000,  0.0000,  0.0000,
         0.0000,  0.0000,  0.0000,  0.0000,  0.0000,  0.0000,  0.0000,  0.0000,
         0.0000,  0.0000,  0.0000,  0.0000,  0.0000,  0.0000,  0.0000,  0.0000,
         0.0000,  0.0000,  0.0000,  0.0000,  0.0000,  0.0000,  0.0000,  0.0000,
         0.0000,  0.0000,  0.0000, 69.5688,  0.0000,  0.0000,  0.0000,  0.0000,
         0.0000,  0.0000,  0.0000,  0.0000,  0.0000,  0.0000,  0.0000,  0.0000,
         0.0000,  0.0000,  0.0000,  0.0000,  0.0000,  0.0000,  0.0000,  0.0000,
         0.0000,  0.0000,  0.0000,  0.0000,  0.0000,  0.0000,  0.0000,  0.0000,
         0.0000,  0.0000,  0.0000,  0.0000,  0.0000,  0.0000,  0.0000,  0.0000,
         0.0000, 24.9272,  0.0000,  0.0000,  0.0000,  0.0000,  0.0000,  0.0000,
         0.0000,  0.0000, 57.3440,  0.0000,  0.0000,  0.0000,  0.0000,  0.0000,
         0.0000,  0.0000,  0.0000,  0.0000,  0.0000,  0.0000, 60.2116,  0.0000,
         0.0000,  0.0000,  0.0000,  0.0000,  0.0000,  0.0000,  0.0000,  0.0000,
         0.0000,  0.0000,  0.0000,  0.0000,  0.0000,  0.0000,  0.0000,  0.0000,
         0.0000,  0.0000,  0.0000,  0.0000,  0.0000,  0.0000,  0.0000,  0.0000,
         0.0000,  0.0000,  0.0000,  0.0000,  0.0000,  0.0000,  0.0000,  0.0000,
        46.0567,  0.0000, 41.0809,  0.0000, 70.3210])
2026-01-20 00:34:21,620 [INFO] Epoch 12 - Val MAP: 49.06, Val Loss: 2.1083
2026-01-20 00:34:21,621 [INFO] Epoch 12 - Sampled Val MAP: 48.31
2026-01-20 00:34:21,622 [INFO] Epoch 12, Total_Time 1526.49, Epoch_time 119.57
2026-01-20 00:34:21,622 [INFO] Epoch 13/49
2026-01-20 00:34:21,622 [INFO] ----------
2026-01-20 00:35:49,067 [INFO] Epoch 13, train-map: 4.3009
2026-01-20 00:35:49,095 [INFO] Epoch 13 - Train MAP: 4.30, Train Loss: 1.0723
2026-01-20 00:36:14,803 [INFO] Epoch 13, Full-val-map: 48.1752
2026-01-20 00:36:14,804 [INFO] Epoch 13, sampled-val-map: 47.3177
2026-01-20 00:36:14,833 [INFO] Sampled AP values: tensor([ 0.0000,  0.0000,  0.0000,  0.0000,  0.0000,  0.0000,  0.0000,  0.0000,
        15.4604,  9.6650,  0.0000,  0.0000,  0.0000,  0.0000,  0.0000, 77.5365,
         0.0000,  0.0000,  0.0000,  0.0000,  0.0000,  0.0000,  0.0000,  0.0000,
         0.0000,  0.0000,  0.0000,  0.0000,  0.0000,  0.0000,  0.0000,  0.0000,
         0.0000,  0.0000,  0.0000,  0.0000,  0.0000,  0.0000,  0.0000,  0.0000,
         0.0000,  0.0000,  0.0000,  0.0000,  0.0000,  0.0000,  0.0000,  0.0000,
         0.0000,  0.0000,  0.0000,  0.0000,  0.0000,  0.0000,  0.0000,  0.0000,
         0.0000,  0.0000,  0.0000, 76.1033,  0.0000,  0.0000,  0.0000,  0.0000,
         0.0000,  0.0000,  0.0000,  0.0000,  0.0000,  0.0000,  0.0000,  0.0000,
         0.0000,  0.0000,  0.0000,  0.0000,  0.0000,  0.0000,  0.0000,  0.0000,
         0.0000,  0.0000,  0.0000,  0.0000,  0.0000,  0.0000,  0.0000,  0.0000,
         0.0000,  0.0000,  0.0000,  0.0000,  0.0000,  0.0000,  0.0000,  0.0000,
         0.0000, 24.3806,  0.0000,  0.0000,  0.0000,  0.0000,  0.0000,  0.0000,
         0.0000,  0.0000, 49.8962,  0.0000,  0.0000,  0.0000,  0.0000,  0.0000,
         0.0000,  0.0000,  0.0000,  0.0000,  0.0000,  0.0000, 56.9657,  0.0000,
         0.0000,  0.0000,  0.0000,  0.0000,  0.0000,  0.0000,  0.0000,  0.0000,
         0.0000,  0.0000,  0.0000,  0.0000,  0.0000,  0.0000,  0.0000,  0.0000,
         0.0000,  0.0000,  0.0000,  0.0000,  0.0000,  0.0000,  0.0000,  0.0000,
         0.0000,  0.0000,  0.0000,  0.0000,  0.0000,  0.0000,  0.0000,  0.0000,
        59.9868,  0.0000, 42.9074,  0.0000, 60.2754])
2026-01-20 00:36:14,867 [INFO] Epoch 13 - Val MAP: 48.18, Val Loss: 2.1603
2026-01-20 00:36:14,868 [INFO] Epoch 13 - Sampled Val MAP: 47.32
2026-01-20 00:36:14,869 [INFO] Epoch 13, Total_Time 1639.74, Epoch_time 113.25
2026-01-20 00:36:14,869 [INFO] Epoch 14/49
2026-01-20 00:36:14,869 [INFO] ----------
2026-01-20 00:37:45,517 [INFO] Epoch 14, train-map: 4.5265
2026-01-20 00:37:45,544 [INFO] Epoch 14 - Train MAP: 4.53, Train Loss: 0.9961
2026-01-20 00:38:11,805 [INFO] Epoch 14, Full-val-map: 46.4132
2026-01-20 00:38:11,805 [INFO] Epoch 14, sampled-val-map: 46.5156
2026-01-20 00:38:11,834 [INFO] Sampled AP values: tensor([ 0.0000,  0.0000,  0.0000,  0.0000,  0.0000,  0.0000,  0.0000,  0.0000,
        19.6046, 10.9032,  0.0000,  0.0000,  0.0000,  0.0000,  0.0000, 56.8289,
         0.0000,  0.0000,  0.0000,  0.0000,  0.0000,  0.0000,  0.0000,  0.0000,
         0.0000,  0.0000,  0.0000,  0.0000,  0.0000,  0.0000,  0.0000,  0.0000,
         0.0000,  0.0000,  0.0000,  0.0000,  0.0000,  0.0000,  0.0000,  0.0000,
         0.0000,  0.0000,  0.0000,  0.0000,  0.0000,  0.0000,  0.0000,  0.0000,
         0.0000,  0.0000,  0.0000,  0.0000,  0.0000,  0.0000,  0.0000,  0.0000,
         0.0000,  0.0000,  0.0000, 72.7883,  0.0000,  0.0000,  0.0000,  0.0000,
         0.0000,  0.0000,  0.0000,  0.0000,  0.0000,  0.0000,  0.0000,  0.0000,
         0.0000,  0.0000,  0.0000,  0.0000,  0.0000,  0.0000,  0.0000,  0.0000,
         0.0000,  0.0000,  0.0000,  0.0000,  0.0000,  0.0000,  0.0000,  0.0000,
         0.0000,  0.0000,  0.0000,  0.0000,  0.0000,  0.0000,  0.0000,  0.0000,
         0.0000, 22.2980,  0.0000,  0.0000,  0.0000,  0.0000,  0.0000,  0.0000,
         0.0000,  0.0000, 53.0284,  0.0000,  0.0000,  0.0000,  0.0000,  0.0000,
         0.0000,  0.0000,  0.0000,  0.0000,  0.0000,  0.0000, 65.4478,  0.0000,
         0.0000,  0.0000,  0.0000,  0.0000,  0.0000,  0.0000,  0.0000,  0.0000,
         0.0000,  0.0000,  0.0000,  0.0000,  0.0000,  0.0000,  0.0000,  0.0000,
         0.0000,  0.0000,  0.0000,  0.0000,  0.0000,  0.0000,  0.0000,  0.0000,
         0.0000,  0.0000,  0.0000,  0.0000,  0.0000,  0.0000,  0.0000,  0.0000,
        60.7043,  0.0000, 37.2510,  0.0000, 66.3016])
2026-01-20 00:38:11,868 [INFO] Epoch 14 - Val MAP: 46.41, Val Loss: 2.2503
2026-01-20 00:38:11,869 [INFO] Epoch 14 - Sampled Val MAP: 46.52
2026-01-20 00:38:11,870 [INFO] Epoch 14, Total_Time 1756.74, Epoch_time 117.00
2026-01-20 00:38:11,870 [INFO] Epoch 15/49
2026-01-20 00:38:11,870 [INFO] ----------
2026-01-20 00:39:39,139 [INFO] Epoch 15, train-map: 4.7927
2026-01-20 00:39:39,164 [INFO] Epoch 15 - Train MAP: 4.79, Train Loss: 0.9185
2026-01-20 00:40:04,524 [INFO] Epoch 15, Full-val-map: 47.1671
2026-01-20 00:40:04,525 [INFO] Epoch 15, sampled-val-map: 47.7685
2026-01-20 00:40:04,554 [INFO] Sampled AP values: tensor([ 0.0000,  0.0000,  0.0000,  0.0000,  0.0000,  0.0000,  0.0000,  0.0000,
        15.8666, 11.7104,  0.0000,  0.0000,  0.0000,  0.0000,  0.0000, 74.8696,
         0.0000,  0.0000,  0.0000,  0.0000,  0.0000,  0.0000,  0.0000,  0.0000,
         0.0000,  0.0000,  0.0000,  0.0000,  0.0000,  0.0000,  0.0000,  0.0000,
         0.0000,  0.0000,  0.0000,  0.0000,  0.0000,  0.0000,  0.0000,  0.0000,
         0.0000,  0.0000,  0.0000,  0.0000,  0.0000,  0.0000,  0.0000,  0.0000,
         0.0000,  0.0000,  0.0000,  0.0000,  0.0000,  0.0000,  0.0000,  0.0000,
         0.0000,  0.0000,  0.0000, 66.4509,  0.0000,  0.0000,  0.0000,  0.0000,
         0.0000,  0.0000,  0.0000,  0.0000,  0.0000,  0.0000,  0.0000,  0.0000,
         0.0000,  0.0000,  0.0000,  0.0000,  0.0000,  0.0000,  0.0000,  0.0000,
         0.0000,  0.0000,  0.0000,  0.0000,  0.0000,  0.0000,  0.0000,  0.0000,
         0.0000,  0.0000,  0.0000,  0.0000,  0.0000,  0.0000,  0.0000,  0.0000,
         0.0000, 32.8595,  0.0000,  0.0000,  0.0000,  0.0000,  0.0000,  0.0000,
         0.0000,  0.0000, 46.3077,  0.0000,  0.0000,  0.0000,  0.0000,  0.0000,
         0.0000,  0.0000,  0.0000,  0.0000,  0.0000,  0.0000, 60.5905,  0.0000,
         0.0000,  0.0000,  0.0000,  0.0000,  0.0000,  0.0000,  0.0000,  0.0000,
         0.0000,  0.0000,  0.0000,  0.0000,  0.0000,  0.0000,  0.0000,  0.0000,
         0.0000,  0.0000,  0.0000,  0.0000,  0.0000,  0.0000,  0.0000,  0.0000,
         0.0000,  0.0000,  0.0000,  0.0000,  0.0000,  0.0000,  0.0000,  0.0000,
        65.1174,  0.0000, 37.6977,  0.0000, 66.2150])
2026-01-20 00:40:04,590 [INFO] Epoch 15 - Val MAP: 47.17, Val Loss: 2.3074
2026-01-20 00:40:04,590 [INFO] Epoch 15 - Sampled Val MAP: 47.77
2026-01-20 00:40:04,591 [INFO] Epoch 15, Total_Time 1869.46, Epoch_time 112.72
2026-01-20 00:40:04,591 [INFO] Epoch 16/49
2026-01-20 00:40:04,591 [INFO] ----------
2026-01-20 00:41:28,583 [INFO] Epoch 16, train-map: 4.9390
2026-01-20 00:41:28,617 [INFO] Epoch 16 - Train MAP: 4.94, Train Loss: 0.8415
2026-01-20 00:41:54,158 [INFO] Epoch 16, Full-val-map: 46.4466
2026-01-20 00:41:54,159 [INFO] Epoch 16, sampled-val-map: 47.2261
2026-01-20 00:41:54,188 [INFO] Sampled AP values: tensor([ 0.0000,  0.0000,  0.0000,  0.0000,  0.0000,  0.0000,  0.0000,  0.0000,
        18.2016, 10.8275,  0.0000,  0.0000,  0.0000,  0.0000,  0.0000, 78.1438,
         0.0000,  0.0000,  0.0000,  0.0000,  0.0000,  0.0000,  0.0000,  0.0000,
         0.0000,  0.0000,  0.0000,  0.0000,  0.0000,  0.0000,  0.0000,  0.0000,
         0.0000,  0.0000,  0.0000,  0.0000,  0.0000,  0.0000,  0.0000,  0.0000,
         0.0000,  0.0000,  0.0000,  0.0000,  0.0000,  0.0000,  0.0000,  0.0000,
         0.0000,  0.0000,  0.0000,  0.0000,  0.0000,  0.0000,  0.0000,  0.0000,
         0.0000,  0.0000,  0.0000, 74.9889,  0.0000,  0.0000,  0.0000,  0.0000,
         0.0000,  0.0000,  0.0000,  0.0000,  0.0000,  0.0000,  0.0000,  0.0000,
         0.0000,  0.0000,  0.0000,  0.0000,  0.0000,  0.0000,  0.0000,  0.0000,
         0.0000,  0.0000,  0.0000,  0.0000,  0.0000,  0.0000,  0.0000,  0.0000,
         0.0000,  0.0000,  0.0000,  0.0000,  0.0000,  0.0000,  0.0000,  0.0000,
         0.0000, 32.0185,  0.0000,  0.0000,  0.0000,  0.0000,  0.0000,  0.0000,
         0.0000,  0.0000, 35.9981,  0.0000,  0.0000,  0.0000,  0.0000,  0.0000,
         0.0000,  0.0000,  0.0000,  0.0000,  0.0000,  0.0000, 64.9842,  0.0000,
         0.0000,  0.0000,  0.0000,  0.0000,  0.0000,  0.0000,  0.0000,  0.0000,
         0.0000,  0.0000,  0.0000,  0.0000,  0.0000,  0.0000,  0.0000,  0.0000,
         0.0000,  0.0000,  0.0000,  0.0000,  0.0000,  0.0000,  0.0000,  0.0000,
         0.0000,  0.0000,  0.0000,  0.0000,  0.0000,  0.0000,  0.0000,  0.0000,
        52.7067,  0.0000, 38.6358,  0.0000, 65.7554])
2026-01-20 00:41:54,222 [INFO] Epoch 16 - Val MAP: 46.45, Val Loss: 2.5226
2026-01-20 00:41:54,223 [INFO] Epoch 16 - Sampled Val MAP: 47.23
2026-01-20 00:41:54,223 [INFO] Epoch 16, Total_Time 1979.09, Epoch_time 109.63
2026-01-20 00:41:54,224 [INFO] Epoch 17/49
2026-01-20 00:41:54,224 [INFO] ----------
2026-01-20 00:43:28,860 [INFO] Epoch 17, train-map: 5.0633
2026-01-20 00:43:28,887 [INFO] Epoch 17 - Train MAP: 5.06, Train Loss: 0.8062
2026-01-20 00:43:55,256 [INFO] Epoch 17, Full-val-map: 46.2255
2026-01-20 00:43:55,257 [INFO] Epoch 17, sampled-val-map: 47.8034
2026-01-20 00:43:55,286 [INFO] Sampled AP values: tensor([ 0.0000,  0.0000,  0.0000,  0.0000,  0.0000,  0.0000,  0.0000,  0.0000,
        22.6998, 11.7506,  0.0000,  0.0000,  0.0000,  0.0000,  0.0000, 82.9607,
         0.0000,  0.0000,  0.0000,  0.0000,  0.0000,  0.0000,  0.0000,  0.0000,
         0.0000,  0.0000,  0.0000,  0.0000,  0.0000,  0.0000,  0.0000,  0.0000,
         0.0000,  0.0000,  0.0000,  0.0000,  0.0000,  0.0000,  0.0000,  0.0000,
         0.0000,  0.0000,  0.0000,  0.0000,  0.0000,  0.0000,  0.0000,  0.0000,
         0.0000,  0.0000,  0.0000,  0.0000,  0.0000,  0.0000,  0.0000,  0.0000,
         0.0000,  0.0000,  0.0000, 77.1068,  0.0000,  0.0000,  0.0000,  0.0000,
         0.0000,  0.0000,  0.0000,  0.0000,  0.0000,  0.0000,  0.0000,  0.0000,
         0.0000,  0.0000,  0.0000,  0.0000,  0.0000,  0.0000,  0.0000,  0.0000,
         0.0000,  0.0000,  0.0000,  0.0000,  0.0000,  0.0000,  0.0000,  0.0000,
         0.0000,  0.0000,  0.0000,  0.0000,  0.0000,  0.0000,  0.0000,  0.0000,
         0.0000, 31.2294,  0.0000,  0.0000,  0.0000,  0.0000,  0.0000,  0.0000,
         0.0000,  0.0000, 41.5152,  0.0000,  0.0000,  0.0000,  0.0000,  0.0000,
         0.0000,  0.0000,  0.0000,  0.0000,  0.0000,  0.0000, 50.0739,  0.0000,
         0.0000,  0.0000,  0.0000,  0.0000,  0.0000,  0.0000,  0.0000,  0.0000,
         0.0000,  0.0000,  0.0000,  0.0000,  0.0000,  0.0000,  0.0000,  0.0000,
         0.0000,  0.0000,  0.0000,  0.0000,  0.0000,  0.0000,  0.0000,  0.0000,
         0.0000,  0.0000,  0.0000,  0.0000,  0.0000,  0.0000,  0.0000,  0.0000,
        53.1818,  0.0000, 44.9870,  0.0000, 62.5287])
2026-01-20 00:43:55,321 [INFO] Epoch 17 - Val MAP: 46.23, Val Loss: 2.4546
2026-01-20 00:43:55,322 [INFO] Epoch 17 - Sampled Val MAP: 47.80
2026-01-20 00:43:55,322 [INFO] Epoch 17, Total_Time 2100.19, Epoch_time 121.10
2026-01-20 00:43:55,323 [INFO] Epoch 18/49
2026-01-20 00:43:55,323 [INFO] ----------
2026-01-20 00:45:24,721 [INFO] Epoch 18, train-map: 5.0485
2026-01-20 00:45:24,748 [INFO] Epoch 18 - Train MAP: 5.05, Train Loss: 0.8285
2026-01-20 00:45:51,262 [INFO] Epoch 18, Full-val-map: 46.1584
2026-01-20 00:45:51,262 [INFO] Epoch 18, sampled-val-map: 46.3410
2026-01-20 00:45:51,292 [INFO] Sampled AP values: tensor([ 0.0000,  0.0000,  0.0000,  0.0000,  0.0000,  0.0000,  0.0000,  0.0000,
        13.7888, 11.3444,  0.0000,  0.0000,  0.0000,  0.0000,  0.0000, 67.7786,
         0.0000,  0.0000,  0.0000,  0.0000,  0.0000,  0.0000,  0.0000,  0.0000,
         0.0000,  0.0000,  0.0000,  0.0000,  0.0000,  0.0000,  0.0000,  0.0000,
         0.0000,  0.0000,  0.0000,  0.0000,  0.0000,  0.0000,  0.0000,  0.0000,
         0.0000,  0.0000,  0.0000,  0.0000,  0.0000,  0.0000,  0.0000,  0.0000,
         0.0000,  0.0000,  0.0000,  0.0000,  0.0000,  0.0000,  0.0000,  0.0000,
         0.0000,  0.0000,  0.0000, 76.2711,  0.0000,  0.0000,  0.0000,  0.0000,
         0.0000,  0.0000,  0.0000,  0.0000,  0.0000,  0.0000,  0.0000,  0.0000,
         0.0000,  0.0000,  0.0000,  0.0000,  0.0000,  0.0000,  0.0000,  0.0000,
         0.0000,  0.0000,  0.0000,  0.0000,  0.0000,  0.0000,  0.0000,  0.0000,
         0.0000,  0.0000,  0.0000,  0.0000,  0.0000,  0.0000,  0.0000,  0.0000,
         0.0000, 33.5659,  0.0000,  0.0000,  0.0000,  0.0000,  0.0000,  0.0000,
         0.0000,  0.0000, 44.9478,  0.0000,  0.0000,  0.0000,  0.0000,  0.0000,
         0.0000,  0.0000,  0.0000,  0.0000,  0.0000,  0.0000, 51.2938,  0.0000,
         0.0000,  0.0000,  0.0000,  0.0000,  0.0000,  0.0000,  0.0000,  0.0000,
         0.0000,  0.0000,  0.0000,  0.0000,  0.0000,  0.0000,  0.0000,  0.0000,
         0.0000,  0.0000,  0.0000,  0.0000,  0.0000,  0.0000,  0.0000,  0.0000,
         0.0000,  0.0000,  0.0000,  0.0000,  0.0000,  0.0000,  0.0000,  0.0000,
        61.1588,  0.0000, 42.7434,  0.0000, 60.5173])
2026-01-20 00:45:51,331 [INFO] Epoch 18 - Val MAP: 46.16, Val Loss: 2.3345
2026-01-20 00:45:51,332 [INFO] Epoch 18 - Sampled Val MAP: 46.34
2026-01-20 00:45:51,333 [INFO] Epoch 18, Total_Time 2216.20, Epoch_time 116.01
2026-01-20 00:45:51,333 [INFO] Epoch 19/49
2026-01-20 00:45:51,334 [INFO] ----------
2026-01-20 00:47:23,396 [INFO] Epoch 19, train-map: 5.3220
2026-01-20 00:47:23,421 [INFO] Epoch 19 - Train MAP: 5.32, Train Loss: 0.6856
2026-01-20 00:47:49,586 [INFO] Epoch 19, Full-val-map: 46.9992
2026-01-20 00:47:49,586 [INFO] Epoch 19, sampled-val-map: 49.5472
2026-01-20 00:47:49,616 [INFO] Sampled AP values: tensor([ 0.0000,  0.0000,  0.0000,  0.0000,  0.0000,  0.0000,  0.0000,  0.0000,
        17.9635, 11.3833,  0.0000,  0.0000,  0.0000,  0.0000,  0.0000, 77.1114,
         0.0000,  0.0000,  0.0000,  0.0000,  0.0000,  0.0000,  0.0000,  0.0000,
         0.0000,  0.0000,  0.0000,  0.0000,  0.0000,  0.0000,  0.0000,  0.0000,
         0.0000,  0.0000,  0.0000,  0.0000,  0.0000,  0.0000,  0.0000,  0.0000,
         0.0000,  0.0000,  0.0000,  0.0000,  0.0000,  0.0000,  0.0000,  0.0000,
         0.0000,  0.0000,  0.0000,  0.0000,  0.0000,  0.0000,  0.0000,  0.0000,
         0.0000,  0.0000,  0.0000, 73.8946,  0.0000,  0.0000,  0.0000,  0.0000,
         0.0000,  0.0000,  0.0000,  0.0000,  0.0000,  0.0000,  0.0000,  0.0000,
         0.0000,  0.0000,  0.0000,  0.0000,  0.0000,  0.0000,  0.0000,  0.0000,
         0.0000,  0.0000,  0.0000,  0.0000,  0.0000,  0.0000,  0.0000,  0.0000,
         0.0000,  0.0000,  0.0000,  0.0000,  0.0000,  0.0000,  0.0000,  0.0000,
         0.0000, 30.0349,  0.0000,  0.0000,  0.0000,  0.0000,  0.0000,  0.0000,
         0.0000,  0.0000, 44.3965,  0.0000,  0.0000,  0.0000,  0.0000,  0.0000,
         0.0000,  0.0000,  0.0000,  0.0000,  0.0000,  0.0000, 49.6229,  0.0000,
         0.0000,  0.0000,  0.0000,  0.0000,  0.0000,  0.0000,  0.0000,  0.0000,
         0.0000,  0.0000,  0.0000,  0.0000,  0.0000,  0.0000,  0.0000,  0.0000,
         0.0000,  0.0000,  0.0000,  0.0000,  0.0000,  0.0000,  0.0000,  0.0000,
         0.0000,  0.0000,  0.0000,  0.0000,  0.0000,  0.0000,  0.0000,  0.0000,
        73.8318,  0.0000, 43.7284,  0.0000, 73.5046])
2026-01-20 00:47:49,654 [INFO] Epoch 19 - Val MAP: 47.00, Val Loss: 2.7270
2026-01-20 00:47:49,655 [INFO] Epoch 19 - Sampled Val MAP: 49.55
2026-01-20 00:47:49,657 [INFO] Epoch 19, Total_Time 2334.53, Epoch_time 118.32
2026-01-20 00:47:49,657 [INFO] Epoch 20/49
2026-01-20 00:47:49,657 [INFO] ----------
2026-01-20 00:49:15,483 [INFO] Epoch 20, train-map: 5.5155
2026-01-20 00:49:15,508 [INFO] Epoch 20 - Train MAP: 5.52, Train Loss: 0.5813
2026-01-20 00:49:40,880 [INFO] Epoch 20, Full-val-map: 46.0423
2026-01-20 00:49:40,881 [INFO] Epoch 20, sampled-val-map: 46.6434
2026-01-20 00:49:40,910 [INFO] Sampled AP values: tensor([ 0.0000,  0.0000,  0.0000,  0.0000,  0.0000,  0.0000,  0.0000,  0.0000,
        13.3422,  9.3803,  0.0000,  0.0000,  0.0000,  0.0000,  0.0000, 74.2194,
         0.0000,  0.0000,  0.0000,  0.0000,  0.0000,  0.0000,  0.0000,  0.0000,
         0.0000,  0.0000,  0.0000,  0.0000,  0.0000,  0.0000,  0.0000,  0.0000,
         0.0000,  0.0000,  0.0000,  0.0000,  0.0000,  0.0000,  0.0000,  0.0000,
         0.0000,  0.0000,  0.0000,  0.0000,  0.0000,  0.0000,  0.0000,  0.0000,
         0.0000,  0.0000,  0.0000,  0.0000,  0.0000,  0.0000,  0.0000,  0.0000,
         0.0000,  0.0000,  0.0000, 80.9064,  0.0000,  0.0000,  0.0000,  0.0000,
         0.0000,  0.0000,  0.0000,  0.0000,  0.0000,  0.0000,  0.0000,  0.0000,
         0.0000,  0.0000,  0.0000,  0.0000,  0.0000,  0.0000,  0.0000,  0.0000,
         0.0000,  0.0000,  0.0000,  0.0000,  0.0000,  0.0000,  0.0000,  0.0000,
         0.0000,  0.0000,  0.0000,  0.0000,  0.0000,  0.0000,  0.0000,  0.0000,
         0.0000, 30.5130,  0.0000,  0.0000,  0.0000,  0.0000,  0.0000,  0.0000,
         0.0000,  0.0000, 43.9902,  0.0000,  0.0000,  0.0000,  0.0000,  0.0000,
         0.0000,  0.0000,  0.0000,  0.0000,  0.0000,  0.0000, 61.2467,  0.0000,
         0.0000,  0.0000,  0.0000,  0.0000,  0.0000,  0.0000,  0.0000,  0.0000,
         0.0000,  0.0000,  0.0000,  0.0000,  0.0000,  0.0000,  0.0000,  0.0000,
         0.0000,  0.0000,  0.0000,  0.0000,  0.0000,  0.0000,  0.0000,  0.0000,
         0.0000,  0.0000,  0.0000,  0.0000,  0.0000,  0.0000,  0.0000,  0.0000,
        43.1044,  0.0000, 42.7177,  0.0000, 67.0134])
2026-01-20 00:49:40,947 [INFO] Epoch 20 - Val MAP: 46.04, Val Loss: 2.8467
2026-01-20 00:49:40,948 [INFO] Epoch 20 - Sampled Val MAP: 46.64
2026-01-20 00:49:40,949 [INFO] Epoch 20, Total_Time 2445.82, Epoch_time 111.29
2026-01-20 00:49:40,949 [INFO] Epoch 21/49
2026-01-20 00:49:40,949 [INFO] ----------
2026-01-20 00:51:07,250 [INFO] Epoch 21, train-map: 5.6165
2026-01-20 00:51:07,275 [INFO] Epoch 21 - Train MAP: 5.62, Train Loss: 0.5907
2026-01-20 00:51:33,575 [INFO] Epoch 21, Full-val-map: 45.5000
2026-01-20 00:51:33,575 [INFO] Epoch 21, sampled-val-map: 50.0205
2026-01-20 00:51:33,605 [INFO] Sampled AP values: tensor([ 0.0000,  0.0000,  0.0000,  0.0000,  0.0000,  0.0000,  0.0000,  0.0000,
        16.4480, 12.9448,  0.0000,  0.0000,  0.0000,  0.0000,  0.0000, 73.4741,
         0.0000,  0.0000,  0.0000,  0.0000,  0.0000,  0.0000,  0.0000,  0.0000,
         0.0000,  0.0000,  0.0000,  0.0000,  0.0000,  0.0000,  0.0000,  0.0000,
         0.0000,  0.0000,  0.0000,  0.0000,  0.0000,  0.0000,  0.0000,  0.0000,
         0.0000,  0.0000,  0.0000,  0.0000,  0.0000,  0.0000,  0.0000,  0.0000,
         0.0000,  0.0000,  0.0000,  0.0000,  0.0000,  0.0000,  0.0000,  0.0000,
         0.0000,  0.0000,  0.0000, 78.3826,  0.0000,  0.0000,  0.0000,  0.0000,
         0.0000,  0.0000,  0.0000,  0.0000,  0.0000,  0.0000,  0.0000,  0.0000,
         0.0000,  0.0000,  0.0000,  0.0000,  0.0000,  0.0000,  0.0000,  0.0000,
         0.0000,  0.0000,  0.0000,  0.0000,  0.0000,  0.0000,  0.0000,  0.0000,
         0.0000,  0.0000,  0.0000,  0.0000,  0.0000,  0.0000,  0.0000,  0.0000,
         0.0000, 31.8419,  0.0000,  0.0000,  0.0000,  0.0000,  0.0000,  0.0000,
         0.0000,  0.0000, 47.4528,  0.0000,  0.0000,  0.0000,  0.0000,  0.0000,
         0.0000,  0.0000,  0.0000,  0.0000,  0.0000,  0.0000, 56.9190,  0.0000,
         0.0000,  0.0000,  0.0000,  0.0000,  0.0000,  0.0000,  0.0000,  0.0000,
         0.0000,  0.0000,  0.0000,  0.0000,  0.0000,  0.0000,  0.0000,  0.0000,
         0.0000,  0.0000,  0.0000,  0.0000,  0.0000,  0.0000,  0.0000,  0.0000,
         0.0000,  0.0000,  0.0000,  0.0000,  0.0000,  0.0000,  0.0000,  0.0000,
        73.1501,  0.0000, 38.6490,  0.0000, 70.9431])
2026-01-20 00:51:33,637 [INFO] Epoch 21 - Val MAP: 45.50, Val Loss: 2.8761
2026-01-20 00:51:33,637 [INFO] Epoch 21 - Sampled Val MAP: 50.02
2026-01-20 00:51:33,638 [INFO] Epoch 21, Total_Time 2558.51, Epoch_time 112.69
2026-01-20 00:51:33,638 [INFO] Epoch 22/49
2026-01-20 00:51:33,638 [INFO] ----------
2026-01-20 00:52:58,229 [INFO] Epoch 22, train-map: 5.6364
2026-01-20 00:52:58,252 [INFO] Epoch 22 - Train MAP: 5.64, Train Loss: 0.5733
2026-01-20 00:53:23,540 [INFO] Epoch 22, Full-val-map: 45.7570
2026-01-20 00:53:23,541 [INFO] Epoch 22, sampled-val-map: 48.2848
2026-01-20 00:53:23,570 [INFO] Sampled AP values: tensor([ 0.0000,  0.0000,  0.0000,  0.0000,  0.0000,  0.0000,  0.0000,  0.0000,
        17.9602,  8.9903,  0.0000,  0.0000,  0.0000,  0.0000,  0.0000, 76.4484,
         0.0000,  0.0000,  0.0000,  0.0000,  0.0000,  0.0000,  0.0000,  0.0000,
         0.0000,  0.0000,  0.0000,  0.0000,  0.0000,  0.0000,  0.0000,  0.0000,
         0.0000,  0.0000,  0.0000,  0.0000,  0.0000,  0.0000,  0.0000,  0.0000,
         0.0000,  0.0000,  0.0000,  0.0000,  0.0000,  0.0000,  0.0000,  0.0000,
         0.0000,  0.0000,  0.0000,  0.0000,  0.0000,  0.0000,  0.0000,  0.0000,
         0.0000,  0.0000,  0.0000, 78.7878,  0.0000,  0.0000,  0.0000,  0.0000,
         0.0000,  0.0000,  0.0000,  0.0000,  0.0000,  0.0000,  0.0000,  0.0000,
         0.0000,  0.0000,  0.0000,  0.0000,  0.0000,  0.0000,  0.0000,  0.0000,
         0.0000,  0.0000,  0.0000,  0.0000,  0.0000,  0.0000,  0.0000,  0.0000,
         0.0000,  0.0000,  0.0000,  0.0000,  0.0000,  0.0000,  0.0000,  0.0000,
         0.0000, 19.3117,  0.0000,  0.0000,  0.0000,  0.0000,  0.0000,  0.0000,
         0.0000,  0.0000, 53.7674,  0.0000,  0.0000,  0.0000,  0.0000,  0.0000,
         0.0000,  0.0000,  0.0000,  0.0000,  0.0000,  0.0000, 51.8949,  0.0000,
         0.0000,  0.0000,  0.0000,  0.0000,  0.0000,  0.0000,  0.0000,  0.0000,
         0.0000,  0.0000,  0.0000,  0.0000,  0.0000,  0.0000,  0.0000,  0.0000,
         0.0000,  0.0000,  0.0000,  0.0000,  0.0000,  0.0000,  0.0000,  0.0000,
         0.0000,  0.0000,  0.0000,  0.0000,  0.0000,  0.0000,  0.0000,  0.0000,
        61.0141,  0.0000, 45.7658,  0.0000, 68.9070])
2026-01-20 00:53:23,600 [INFO] Epoch 22 - Val MAP: 45.76, Val Loss: 2.9162
2026-01-20 00:53:23,600 [INFO] Epoch 22 - Sampled Val MAP: 48.28
2026-01-20 00:53:23,601 [INFO] Epoch 22, Total_Time 2668.47, Epoch_time 109.96
2026-01-20 00:53:23,602 [INFO] Epoch 23/49
2026-01-20 00:53:23,602 [INFO] ----------
2026-01-20 00:54:51,228 [INFO] Epoch 23, train-map: 5.7017
2026-01-20 00:54:51,250 [INFO] Epoch 23 - Train MAP: 5.70, Train Loss: 0.5633
2026-01-20 00:55:16,537 [INFO] Epoch 23, Full-val-map: 44.9053
2026-01-20 00:55:16,537 [INFO] Epoch 23, sampled-val-map: 46.7405
2026-01-20 00:55:16,567 [INFO] Sampled AP values: tensor([ 0.0000,  0.0000,  0.0000,  0.0000,  0.0000,  0.0000,  0.0000,  0.0000,
        17.9286, 13.1516,  0.0000,  0.0000,  0.0000,  0.0000,  0.0000, 67.4277,
         0.0000,  0.0000,  0.0000,  0.0000,  0.0000,  0.0000,  0.0000,  0.0000,
         0.0000,  0.0000,  0.0000,  0.0000,  0.0000,  0.0000,  0.0000,  0.0000,
         0.0000,  0.0000,  0.0000,  0.0000,  0.0000,  0.0000,  0.0000,  0.0000,
         0.0000,  0.0000,  0.0000,  0.0000,  0.0000,  0.0000,  0.0000,  0.0000,
         0.0000,  0.0000,  0.0000,  0.0000,  0.0000,  0.0000,  0.0000,  0.0000,
         0.0000,  0.0000,  0.0000, 77.7702,  0.0000,  0.0000,  0.0000,  0.0000,
         0.0000,  0.0000,  0.0000,  0.0000,  0.0000,  0.0000,  0.0000,  0.0000,
         0.0000,  0.0000,  0.0000,  0.0000,  0.0000,  0.0000,  0.0000,  0.0000,
         0.0000,  0.0000,  0.0000,  0.0000,  0.0000,  0.0000,  0.0000,  0.0000,
         0.0000,  0.0000,  0.0000,  0.0000,  0.0000,  0.0000,  0.0000,  0.0000,
         0.0000, 30.4866,  0.0000,  0.0000,  0.0000,  0.0000,  0.0000,  0.0000,
         0.0000,  0.0000, 41.3869,  0.0000,  0.0000,  0.0000,  0.0000,  0.0000,
         0.0000,  0.0000,  0.0000,  0.0000,  0.0000,  0.0000, 62.9858,  0.0000,
         0.0000,  0.0000,  0.0000,  0.0000,  0.0000,  0.0000,  0.0000,  0.0000,
         0.0000,  0.0000,  0.0000,  0.0000,  0.0000,  0.0000,  0.0000,  0.0000,
         0.0000,  0.0000,  0.0000,  0.0000,  0.0000,  0.0000,  0.0000,  0.0000,
         0.0000,  0.0000,  0.0000,  0.0000,  0.0000,  0.0000,  0.0000,  0.0000,
        48.9374,  0.0000, 41.5864,  0.0000, 65.7434])
2026-01-20 00:55:16,607 [INFO] Epoch 23 - Val MAP: 44.91, Val Loss: 3.1835
2026-01-20 00:55:16,607 [INFO] Epoch 23 - Sampled Val MAP: 46.74
2026-01-20 00:55:16,608 [INFO] Epoch 23, Total_Time 2781.48, Epoch_time 113.01
2026-01-20 00:55:16,608 [INFO] Epoch 24/49
2026-01-20 00:55:16,609 [INFO] ----------
2026-01-20 00:56:46,731 [INFO] Epoch 24, train-map: 5.5540
2026-01-20 00:56:46,759 [INFO] Epoch 24 - Train MAP: 5.55, Train Loss: 0.5787
2026-01-20 00:57:12,787 [INFO] Epoch 24, Full-val-map: 44.4316
2026-01-20 00:57:12,787 [INFO] Epoch 24, sampled-val-map: 45.1320
2026-01-20 00:57:12,816 [INFO] Sampled AP values: tensor([ 0.0000,  0.0000,  0.0000,  0.0000,  0.0000,  0.0000,  0.0000,  0.0000,
        13.3164, 10.6445,  0.0000,  0.0000,  0.0000,  0.0000,  0.0000, 80.4721,
         0.0000,  0.0000,  0.0000,  0.0000,  0.0000,  0.0000,  0.0000,  0.0000,
         0.0000,  0.0000,  0.0000,  0.0000,  0.0000,  0.0000,  0.0000,  0.0000,
         0.0000,  0.0000,  0.0000,  0.0000,  0.0000,  0.0000,  0.0000,  0.0000,
         0.0000,  0.0000,  0.0000,  0.0000,  0.0000,  0.0000,  0.0000,  0.0000,
         0.0000,  0.0000,  0.0000,  0.0000,  0.0000,  0.0000,  0.0000,  0.0000,
         0.0000,  0.0000,  0.0000, 75.8762,  0.0000,  0.0000,  0.0000,  0.0000,
         0.0000,  0.0000,  0.0000,  0.0000,  0.0000,  0.0000,  0.0000,  0.0000,
         0.0000,  0.0000,  0.0000,  0.0000,  0.0000,  0.0000,  0.0000,  0.0000,
         0.0000,  0.0000,  0.0000,  0.0000,  0.0000,  0.0000,  0.0000,  0.0000,
         0.0000,  0.0000,  0.0000,  0.0000,  0.0000,  0.0000,  0.0000,  0.0000,
         0.0000, 22.1604,  0.0000,  0.0000,  0.0000,  0.0000,  0.0000,  0.0000,
         0.0000,  0.0000, 33.3522,  0.0000,  0.0000,  0.0000,  0.0000,  0.0000,
         0.0000,  0.0000,  0.0000,  0.0000,  0.0000,  0.0000, 50.6021,  0.0000,
         0.0000,  0.0000,  0.0000,  0.0000,  0.0000,  0.0000,  0.0000,  0.0000,
         0.0000,  0.0000,  0.0000,  0.0000,  0.0000,  0.0000,  0.0000,  0.0000,
         0.0000,  0.0000,  0.0000,  0.0000,  0.0000,  0.0000,  0.0000,  0.0000,
         0.0000,  0.0000,  0.0000,  0.0000,  0.0000,  0.0000,  0.0000,  0.0000,
        57.4438,  0.0000, 38.2657,  0.0000, 69.1870])
2026-01-20 00:57:12,851 [INFO] Epoch 24 - Val MAP: 44.43, Val Loss: 2.9254
2026-01-20 00:57:12,852 [INFO] Epoch 24 - Sampled Val MAP: 45.13
2026-01-20 00:57:12,853 [INFO] Epoch 24, Total_Time 2897.72, Epoch_time 116.24
2026-01-20 00:57:12,853 [INFO] Epoch 25/49
2026-01-20 00:57:12,853 [INFO] ----------
2026-01-20 00:58:36,877 [INFO] Epoch 25, train-map: 5.8165
2026-01-20 00:58:36,904 [INFO] Epoch 25 - Train MAP: 5.82, Train Loss: 0.4885
2026-01-20 00:59:01,997 [INFO] Epoch 25, Full-val-map: 44.8713
2026-01-20 00:59:01,998 [INFO] Epoch 25, sampled-val-map: 49.6527
2026-01-20 00:59:02,027 [INFO] Sampled AP values: tensor([ 0.0000,  0.0000,  0.0000,  0.0000,  0.0000,  0.0000,  0.0000,  0.0000,
        13.2912, 10.4876,  0.0000,  0.0000,  0.0000,  0.0000,  0.0000, 74.8367,
         0.0000,  0.0000,  0.0000,  0.0000,  0.0000,  0.0000,  0.0000,  0.0000,
         0.0000,  0.0000,  0.0000,  0.0000,  0.0000,  0.0000,  0.0000,  0.0000,
         0.0000,  0.0000,  0.0000,  0.0000,  0.0000,  0.0000,  0.0000,  0.0000,
         0.0000,  0.0000,  0.0000,  0.0000,  0.0000,  0.0000,  0.0000,  0.0000,
         0.0000,  0.0000,  0.0000,  0.0000,  0.0000,  0.0000,  0.0000,  0.0000,
         0.0000,  0.0000,  0.0000, 79.9665,  0.0000,  0.0000,  0.0000,  0.0000,
         0.0000,  0.0000,  0.0000,  0.0000,  0.0000,  0.0000,  0.0000,  0.0000,
         0.0000,  0.0000,  0.0000,  0.0000,  0.0000,  0.0000,  0.0000,  0.0000,
         0.0000,  0.0000,  0.0000,  0.0000,  0.0000,  0.0000,  0.0000,  0.0000,
         0.0000,  0.0000,  0.0000,  0.0000,  0.0000,  0.0000,  0.0000,  0.0000,
         0.0000, 27.6267,  0.0000,  0.0000,  0.0000,  0.0000,  0.0000,  0.0000,
         0.0000,  0.0000, 54.5973,  0.0000,  0.0000,  0.0000,  0.0000,  0.0000,
         0.0000,  0.0000,  0.0000,  0.0000,  0.0000,  0.0000, 63.9867,  0.0000,
         0.0000,  0.0000,  0.0000,  0.0000,  0.0000,  0.0000,  0.0000,  0.0000,
         0.0000,  0.0000,  0.0000,  0.0000,  0.0000,  0.0000,  0.0000,  0.0000,
         0.0000,  0.0000,  0.0000,  0.0000,  0.0000,  0.0000,  0.0000,  0.0000,
         0.0000,  0.0000,  0.0000,  0.0000,  0.0000,  0.0000,  0.0000,  0.0000,
        68.8333,  0.0000, 35.0045,  0.0000, 67.8965])
2026-01-20 00:59:02,058 [INFO] Epoch 25 - Val MAP: 44.87, Val Loss: 3.1643
2026-01-20 00:59:02,058 [INFO] Epoch 25 - Sampled Val MAP: 49.65
2026-01-20 00:59:02,059 [INFO] Epoch 25, Total_Time 3006.93, Epoch_time 109.21
2026-01-20 00:59:02,060 [INFO] Epoch 26/49
2026-01-20 00:59:02,060 [INFO] ----------
2026-01-20 01:00:27,853 [INFO] Epoch 26, train-map: 5.7642
2026-01-20 01:00:27,886 [INFO] Epoch 26 - Train MAP: 5.76, Train Loss: 0.5216
2026-01-20 01:00:53,135 [INFO] Epoch 26, Full-val-map: 45.5416
2026-01-20 01:00:53,136 [INFO] Epoch 26, sampled-val-map: 47.5394
2026-01-20 01:00:53,165 [INFO] Sampled AP values: tensor([ 0.0000,  0.0000,  0.0000,  0.0000,  0.0000,  0.0000,  0.0000,  0.0000,
        10.9451, 13.9165,  0.0000,  0.0000,  0.0000,  0.0000,  0.0000, 74.1371,
         0.0000,  0.0000,  0.0000,  0.0000,  0.0000,  0.0000,  0.0000,  0.0000,
         0.0000,  0.0000,  0.0000,  0.0000,  0.0000,  0.0000,  0.0000,  0.0000,
         0.0000,  0.0000,  0.0000,  0.0000,  0.0000,  0.0000,  0.0000,  0.0000,
         0.0000,  0.0000,  0.0000,  0.0000,  0.0000,  0.0000,  0.0000,  0.0000,
         0.0000,  0.0000,  0.0000,  0.0000,  0.0000,  0.0000,  0.0000,  0.0000,
         0.0000,  0.0000,  0.0000, 78.9865,  0.0000,  0.0000,  0.0000,  0.0000,
         0.0000,  0.0000,  0.0000,  0.0000,  0.0000,  0.0000,  0.0000,  0.0000,
         0.0000,  0.0000,  0.0000,  0.0000,  0.0000,  0.0000,  0.0000,  0.0000,
         0.0000,  0.0000,  0.0000,  0.0000,  0.0000,  0.0000,  0.0000,  0.0000,
         0.0000,  0.0000,  0.0000,  0.0000,  0.0000,  0.0000,  0.0000,  0.0000,
         0.0000, 28.7825,  0.0000,  0.0000,  0.0000,  0.0000,  0.0000,  0.0000,
         0.0000,  0.0000, 48.8046,  0.0000,  0.0000,  0.0000,  0.0000,  0.0000,
         0.0000,  0.0000,  0.0000,  0.0000,  0.0000,  0.0000, 54.6362,  0.0000,
         0.0000,  0.0000,  0.0000,  0.0000,  0.0000,  0.0000,  0.0000,  0.0000,
         0.0000,  0.0000,  0.0000,  0.0000,  0.0000,  0.0000,  0.0000,  0.0000,
         0.0000,  0.0000,  0.0000,  0.0000,  0.0000,  0.0000,  0.0000,  0.0000,
         0.0000,  0.0000,  0.0000,  0.0000,  0.0000,  0.0000,  0.0000,  0.0000,
        65.6127,  0.0000, 38.2975,  0.0000, 61.2752])
2026-01-20 01:00:53,198 [INFO] Epoch 26 - Val MAP: 45.54, Val Loss: 3.0522
2026-01-20 01:00:53,199 [INFO] Epoch 26 - Sampled Val MAP: 47.54
2026-01-20 01:00:53,200 [INFO] Epoch 26, Total_Time 3118.07, Epoch_time 111.14
2026-01-20 01:00:53,200 [INFO] Epoch 27/49
2026-01-20 01:00:53,200 [INFO] ----------
2026-01-20 01:02:20,366 [INFO] Epoch 27, train-map: 5.9368
2026-01-20 01:02:20,394 [INFO] Epoch 27 - Train MAP: 5.94, Train Loss: 0.4654
2026-01-20 01:02:47,222 [INFO] Epoch 27, Full-val-map: 44.4688
2026-01-20 01:02:47,222 [INFO] Epoch 27, sampled-val-map: 48.2729
2026-01-20 01:02:47,257 [INFO] Sampled AP values: tensor([ 0.0000,  0.0000,  0.0000,  0.0000,  0.0000,  0.0000,  0.0000,  0.0000,
        16.3468, 11.6146,  0.0000,  0.0000,  0.0000,  0.0000,  0.0000, 73.2314,
         0.0000,  0.0000,  0.0000,  0.0000,  0.0000,  0.0000,  0.0000,  0.0000,
         0.0000,  0.0000,  0.0000,  0.0000,  0.0000,  0.0000,  0.0000,  0.0000,
         0.0000,  0.0000,  0.0000,  0.0000,  0.0000,  0.0000,  0.0000,  0.0000,
         0.0000,  0.0000,  0.0000,  0.0000,  0.0000,  0.0000,  0.0000,  0.0000,
         0.0000,  0.0000,  0.0000,  0.0000,  0.0000,  0.0000,  0.0000,  0.0000,
         0.0000,  0.0000,  0.0000, 78.7085,  0.0000,  0.0000,  0.0000,  0.0000,
         0.0000,  0.0000,  0.0000,  0.0000,  0.0000,  0.0000,  0.0000,  0.0000,
         0.0000,  0.0000,  0.0000,  0.0000,  0.0000,  0.0000,  0.0000,  0.0000,
         0.0000,  0.0000,  0.0000,  0.0000,  0.0000,  0.0000,  0.0000,  0.0000,
         0.0000,  0.0000,  0.0000,  0.0000,  0.0000,  0.0000,  0.0000,  0.0000,
         0.0000, 33.1254,  0.0000,  0.0000,  0.0000,  0.0000,  0.0000,  0.0000,
         0.0000,  0.0000, 50.7368,  0.0000,  0.0000,  0.0000,  0.0000,  0.0000,
         0.0000,  0.0000,  0.0000,  0.0000,  0.0000,  0.0000, 54.2842,  0.0000,
         0.0000,  0.0000,  0.0000,  0.0000,  0.0000,  0.0000,  0.0000,  0.0000,
         0.0000,  0.0000,  0.0000,  0.0000,  0.0000,  0.0000,  0.0000,  0.0000,
         0.0000,  0.0000,  0.0000,  0.0000,  0.0000,  0.0000,  0.0000,  0.0000,
         0.0000,  0.0000,  0.0000,  0.0000,  0.0000,  0.0000,  0.0000,  0.0000,
        60.2796,  0.0000, 44.1414,  0.0000, 60.2603])
2026-01-20 01:02:47,301 [INFO] Epoch 27 - Val MAP: 44.47, Val Loss: 3.1920
2026-01-20 01:02:47,302 [INFO] Epoch 27 - Sampled Val MAP: 48.27
2026-01-20 01:02:47,303 [INFO] Epoch 27, Total_Time 3232.17, Epoch_time 114.10
2026-01-20 01:02:47,303 [INFO] Epoch 28/49
2026-01-20 01:02:47,303 [INFO] ----------
2026-01-20 01:04:18,567 [INFO] Epoch 28, train-map: 5.9247
2026-01-20 01:04:18,595 [INFO] Epoch 28 - Train MAP: 5.92, Train Loss: 0.4336
2026-01-20 01:04:44,319 [INFO] Epoch 28, Full-val-map: 45.5780
2026-01-20 01:04:44,320 [INFO] Epoch 28, sampled-val-map: 46.0341
2026-01-20 01:04:44,349 [INFO] Sampled AP values: tensor([ 0.0000,  0.0000,  0.0000,  0.0000,  0.0000,  0.0000,  0.0000,  0.0000,
         8.6400,  9.2459,  0.0000,  0.0000,  0.0000,  0.0000,  0.0000, 81.2371,
         0.0000,  0.0000,  0.0000,  0.0000,  0.0000,  0.0000,  0.0000,  0.0000,
         0.0000,  0.0000,  0.0000,  0.0000,  0.0000,  0.0000,  0.0000,  0.0000,
         0.0000,  0.0000,  0.0000,  0.0000,  0.0000,  0.0000,  0.0000,  0.0000,
         0.0000,  0.0000,  0.0000,  0.0000,  0.0000,  0.0000,  0.0000,  0.0000,
         0.0000,  0.0000,  0.0000,  0.0000,  0.0000,  0.0000,  0.0000,  0.0000,
         0.0000,  0.0000,  0.0000, 74.2533,  0.0000,  0.0000,  0.0000,  0.0000,
         0.0000,  0.0000,  0.0000,  0.0000,  0.0000,  0.0000,  0.0000,  0.0000,
         0.0000,  0.0000,  0.0000,  0.0000,  0.0000,  0.0000,  0.0000,  0.0000,
         0.0000,  0.0000,  0.0000,  0.0000,  0.0000,  0.0000,  0.0000,  0.0000,
         0.0000,  0.0000,  0.0000,  0.0000,  0.0000,  0.0000,  0.0000,  0.0000,
         0.0000, 25.2889,  0.0000,  0.0000,  0.0000,  0.0000,  0.0000,  0.0000,
         0.0000,  0.0000, 49.5843,  0.0000,  0.0000,  0.0000,  0.0000,  0.0000,
         0.0000,  0.0000,  0.0000,  0.0000,  0.0000,  0.0000, 64.6145,  0.0000,
         0.0000,  0.0000,  0.0000,  0.0000,  0.0000,  0.0000,  0.0000,  0.0000,
         0.0000,  0.0000,  0.0000,  0.0000,  0.0000,  0.0000,  0.0000,  0.0000,
         0.0000,  0.0000,  0.0000,  0.0000,  0.0000,  0.0000,  0.0000,  0.0000,
         0.0000,  0.0000,  0.0000,  0.0000,  0.0000,  0.0000,  0.0000,  0.0000,
        52.0154,  0.0000, 38.7213,  0.0000, 56.7404])
2026-01-20 01:04:44,385 [INFO] Epoch 28 - Val MAP: 45.58, Val Loss: 3.1843
2026-01-20 01:04:44,386 [INFO] Epoch 28 - Sampled Val MAP: 46.03
2026-01-20 01:04:44,386 [INFO] Epoch 28, Total_Time 3349.26, Epoch_time 117.08
2026-01-20 01:04:44,387 [INFO] Epoch 29/49
2026-01-20 01:04:44,387 [INFO] ----------
2026-01-20 01:06:21,207 [INFO] Epoch 29, train-map: 5.9449
2026-01-20 01:06:21,235 [INFO] Epoch 29 - Train MAP: 5.94, Train Loss: 0.4243
2026-01-20 01:06:46,604 [INFO] Epoch 29, Full-val-map: 44.4003
2026-01-20 01:06:46,604 [INFO] Epoch 29, sampled-val-map: 45.0816
2026-01-20 01:06:46,634 [INFO] Sampled AP values: tensor([ 0.0000,  0.0000,  0.0000,  0.0000,  0.0000,  0.0000,  0.0000,  0.0000,
        19.5485,  9.6048,  0.0000,  0.0000,  0.0000,  0.0000,  0.0000, 78.1201,
         0.0000,  0.0000,  0.0000,  0.0000,  0.0000,  0.0000,  0.0000,  0.0000,
         0.0000,  0.0000,  0.0000,  0.0000,  0.0000,  0.0000,  0.0000,  0.0000,
         0.0000,  0.0000,  0.0000,  0.0000,  0.0000,  0.0000,  0.0000,  0.0000,
         0.0000,  0.0000,  0.0000,  0.0000,  0.0000,  0.0000,  0.0000,  0.0000,
         0.0000,  0.0000,  0.0000,  0.0000,  0.0000,  0.0000,  0.0000,  0.0000,
         0.0000,  0.0000,  0.0000, 77.7426,  0.0000,  0.0000,  0.0000,  0.0000,
         0.0000,  0.0000,  0.0000,  0.0000,  0.0000,  0.0000,  0.0000,  0.0000,
         0.0000,  0.0000,  0.0000,  0.0000,  0.0000,  0.0000,  0.0000,  0.0000,
         0.0000,  0.0000,  0.0000,  0.0000,  0.0000,  0.0000,  0.0000,  0.0000,
         0.0000,  0.0000,  0.0000,  0.0000,  0.0000,  0.0000,  0.0000,  0.0000,
         0.0000, 23.1247,  0.0000,  0.0000,  0.0000,  0.0000,  0.0000,  0.0000,
         0.0000,  0.0000, 50.3310,  0.0000,  0.0000,  0.0000,  0.0000,  0.0000,
         0.0000,  0.0000,  0.0000,  0.0000,  0.0000,  0.0000, 50.2998,  0.0000,
         0.0000,  0.0000,  0.0000,  0.0000,  0.0000,  0.0000,  0.0000,  0.0000,
         0.0000,  0.0000,  0.0000,  0.0000,  0.0000,  0.0000,  0.0000,  0.0000,
         0.0000,  0.0000,  0.0000,  0.0000,  0.0000,  0.0000,  0.0000,  0.0000,
         0.0000,  0.0000,  0.0000,  0.0000,  0.0000,  0.0000,  0.0000,  0.0000,
        46.4810,  0.0000, 30.0589,  0.0000, 65.5046])
2026-01-20 01:06:46,670 [INFO] Epoch 29 - Val MAP: 44.40, Val Loss: 3.3119
2026-01-20 01:06:46,670 [INFO] Epoch 29 - Sampled Val MAP: 45.08
2026-01-20 01:06:46,671 [INFO] Epoch 29, Total_Time 3471.54, Epoch_time 122.28
2026-01-20 01:06:46,672 [INFO] Epoch 30/49
2026-01-20 01:06:46,672 [INFO] ----------
2026-01-20 01:08:10,545 [INFO] Epoch 30, train-map: 5.9719
2026-01-20 01:08:10,581 [INFO] Epoch 30 - Train MAP: 5.97, Train Loss: 0.3956
2026-01-20 01:08:36,371 [INFO] Epoch 30, Full-val-map: 45.2857
2026-01-20 01:08:36,371 [INFO] Epoch 30, sampled-val-map: 45.7554
2026-01-20 01:08:36,400 [INFO] Sampled AP values: tensor([ 0.0000,  0.0000,  0.0000,  0.0000,  0.0000,  0.0000,  0.0000,  0.0000,
        20.2967,  8.2646,  0.0000,  0.0000,  0.0000,  0.0000,  0.0000, 76.8972,
         0.0000,  0.0000,  0.0000,  0.0000,  0.0000,  0.0000,  0.0000,  0.0000,
         0.0000,  0.0000,  0.0000,  0.0000,  0.0000,  0.0000,  0.0000,  0.0000,
         0.0000,  0.0000,  0.0000,  0.0000,  0.0000,  0.0000,  0.0000,  0.0000,
         0.0000,  0.0000,  0.0000,  0.0000,  0.0000,  0.0000,  0.0000,  0.0000,
         0.0000,  0.0000,  0.0000,  0.0000,  0.0000,  0.0000,  0.0000,  0.0000,
         0.0000,  0.0000,  0.0000, 80.3616,  0.0000,  0.0000,  0.0000,  0.0000,
         0.0000,  0.0000,  0.0000,  0.0000,  0.0000,  0.0000,  0.0000,  0.0000,
         0.0000,  0.0000,  0.0000,  0.0000,  0.0000,  0.0000,  0.0000,  0.0000,
         0.0000,  0.0000,  0.0000,  0.0000,  0.0000,  0.0000,  0.0000,  0.0000,
         0.0000,  0.0000,  0.0000,  0.0000,  0.0000,  0.0000,  0.0000,  0.0000,
         0.0000, 26.5804,  0.0000,  0.0000,  0.0000,  0.0000,  0.0000,  0.0000,
         0.0000,  0.0000, 54.1605,  0.0000,  0.0000,  0.0000,  0.0000,  0.0000,
         0.0000,  0.0000,  0.0000,  0.0000,  0.0000,  0.0000, 52.0798,  0.0000,
         0.0000,  0.0000,  0.0000,  0.0000,  0.0000,  0.0000,  0.0000,  0.0000,
         0.0000,  0.0000,  0.0000,  0.0000,  0.0000,  0.0000,  0.0000,  0.0000,
         0.0000,  0.0000,  0.0000,  0.0000,  0.0000,  0.0000,  0.0000,  0.0000,
         0.0000,  0.0000,  0.0000,  0.0000,  0.0000,  0.0000,  0.0000,  0.0000,
        44.1355,  0.0000, 37.1464,  0.0000, 57.6311])
2026-01-20 01:08:36,435 [INFO] Epoch 30 - Val MAP: 45.29, Val Loss: 3.3739
2026-01-20 01:08:36,435 [INFO] Epoch 30 - Sampled Val MAP: 45.76
2026-01-20 01:08:36,436 [INFO] Epoch 30, Total_Time 3581.31, Epoch_time 109.76
2026-01-20 01:08:36,437 [INFO] Epoch 31/49
2026-01-20 01:08:36,437 [INFO] ----------
2026-01-20 01:10:03,069 [INFO] Epoch 31, train-map: 5.7085
2026-01-20 01:10:03,098 [INFO] Epoch 31 - Train MAP: 5.71, Train Loss: 0.5973
2026-01-20 01:10:28,483 [INFO] Epoch 31, Full-val-map: 46.0897
2026-01-20 01:10:28,483 [INFO] Epoch 31, sampled-val-map: 46.5374
2026-01-20 01:10:28,512 [INFO] Sampled AP values: tensor([ 0.0000,  0.0000,  0.0000,  0.0000,  0.0000,  0.0000,  0.0000,  0.0000,
        14.0049,  9.6952,  0.0000,  0.0000,  0.0000,  0.0000,  0.0000, 76.5361,
         0.0000,  0.0000,  0.0000,  0.0000,  0.0000,  0.0000,  0.0000,  0.0000,
         0.0000,  0.0000,  0.0000,  0.0000,  0.0000,  0.0000,  0.0000,  0.0000,
         0.0000,  0.0000,  0.0000,  0.0000,  0.0000,  0.0000,  0.0000,  0.0000,
         0.0000,  0.0000,  0.0000,  0.0000,  0.0000,  0.0000,  0.0000,  0.0000,
         0.0000,  0.0000,  0.0000,  0.0000,  0.0000,  0.0000,  0.0000,  0.0000,
         0.0000,  0.0000,  0.0000, 76.6646,  0.0000,  0.0000,  0.0000,  0.0000,
         0.0000,  0.0000,  0.0000,  0.0000,  0.0000,  0.0000,  0.0000,  0.0000,
         0.0000,  0.0000,  0.0000,  0.0000,  0.0000,  0.0000,  0.0000,  0.0000,
         0.0000,  0.0000,  0.0000,  0.0000,  0.0000,  0.0000,  0.0000,  0.0000,
         0.0000,  0.0000,  0.0000,  0.0000,  0.0000,  0.0000,  0.0000,  0.0000,
         0.0000, 21.4106,  0.0000,  0.0000,  0.0000,  0.0000,  0.0000,  0.0000,
         0.0000,  0.0000, 55.3860,  0.0000,  0.0000,  0.0000,  0.0000,  0.0000,
         0.0000,  0.0000,  0.0000,  0.0000,  0.0000,  0.0000, 50.5135,  0.0000,
         0.0000,  0.0000,  0.0000,  0.0000,  0.0000,  0.0000,  0.0000,  0.0000,
         0.0000,  0.0000,  0.0000,  0.0000,  0.0000,  0.0000,  0.0000,  0.0000,
         0.0000,  0.0000,  0.0000,  0.0000,  0.0000,  0.0000,  0.0000,  0.0000,
         0.0000,  0.0000,  0.0000,  0.0000,  0.0000,  0.0000,  0.0000,  0.0000,
        55.4950,  0.0000, 41.3265,  0.0000, 64.3412])
2026-01-20 01:10:28,551 [INFO] Epoch 31 - Val MAP: 46.09, Val Loss: 2.9060
2026-01-20 01:10:28,552 [INFO] Epoch 31 - Sampled Val MAP: 46.54
2026-01-20 01:10:28,553 [INFO] Epoch 31, Total_Time 3693.42, Epoch_time 112.12
2026-01-20 01:10:28,553 [INFO] Epoch 32/49
2026-01-20 01:10:28,553 [INFO] ----------
2026-01-20 01:11:54,830 [INFO] Epoch 32, train-map: 6.0888
2026-01-20 01:11:54,870 [INFO] Epoch 32 - Train MAP: 6.09, Train Loss: 0.3509
2026-01-20 01:12:27,894 [INFO] Epoch 32, Full-val-map: 45.7097
2026-01-20 01:12:27,894 [INFO] Epoch 32, sampled-val-map: 49.5453
2026-01-20 01:12:27,929 [INFO] Sampled AP values: tensor([ 0.0000,  0.0000,  0.0000,  0.0000,  0.0000,  0.0000,  0.0000,  0.0000,
        20.3523,  8.7043,  0.0000,  0.0000,  0.0000,  0.0000,  0.0000, 80.3549,
         0.0000,  0.0000,  0.0000,  0.0000,  0.0000,  0.0000,  0.0000,  0.0000,
         0.0000,  0.0000,  0.0000,  0.0000,  0.0000,  0.0000,  0.0000,  0.0000,
         0.0000,  0.0000,  0.0000,  0.0000,  0.0000,  0.0000,  0.0000,  0.0000,
         0.0000,  0.0000,  0.0000,  0.0000,  0.0000,  0.0000,  0.0000,  0.0000,
         0.0000,  0.0000,  0.0000,  0.0000,  0.0000,  0.0000,  0.0000,  0.0000,
         0.0000,  0.0000,  0.0000, 77.6296,  0.0000,  0.0000,  0.0000,  0.0000,
         0.0000,  0.0000,  0.0000,  0.0000,  0.0000,  0.0000,  0.0000,  0.0000,
         0.0000,  0.0000,  0.0000,  0.0000,  0.0000,  0.0000,  0.0000,  0.0000,
         0.0000,  0.0000,  0.0000,  0.0000,  0.0000,  0.0000,  0.0000,  0.0000,
         0.0000,  0.0000,  0.0000,  0.0000,  0.0000,  0.0000,  0.0000,  0.0000,
         0.0000, 26.8638,  0.0000,  0.0000,  0.0000,  0.0000,  0.0000,  0.0000,
         0.0000,  0.0000, 61.8661,  0.0000,  0.0000,  0.0000,  0.0000,  0.0000,
         0.0000,  0.0000,  0.0000,  0.0000,  0.0000,  0.0000, 50.6226,  0.0000,
         0.0000,  0.0000,  0.0000,  0.0000,  0.0000,  0.0000,  0.0000,  0.0000,
         0.0000,  0.0000,  0.0000,  0.0000,  0.0000,  0.0000,  0.0000,  0.0000,
         0.0000,  0.0000,  0.0000,  0.0000,  0.0000,  0.0000,  0.0000,  0.0000,
         0.0000,  0.0000,  0.0000,  0.0000,  0.0000,  0.0000,  0.0000,  0.0000,
        63.4514,  0.0000, 41.0505,  0.0000, 64.5571])
2026-01-20 01:12:27,966 [INFO] Epoch 32 - Val MAP: 45.71, Val Loss: 3.5229
2026-01-20 01:12:27,966 [INFO] Epoch 32 - Sampled Val MAP: 49.55
2026-01-20 01:12:27,967 [INFO] Epoch 32, Total_Time 3812.84, Epoch_time 119.41
2026-01-20 01:12:27,967 [INFO] Epoch 33/49
2026-01-20 01:12:27,968 [INFO] ----------
2026-01-20 01:14:19,410 [INFO] Epoch 33, train-map: 6.1213
2026-01-20 01:14:19,438 [INFO] Epoch 33 - Train MAP: 6.12, Train Loss: 0.3214
2026-01-20 01:14:52,467 [INFO] Epoch 33, Full-val-map: 44.4240
2026-01-20 01:14:52,467 [INFO] Epoch 33, sampled-val-map: 47.0708
2026-01-20 01:14:52,502 [INFO] Sampled AP values: tensor([ 0.0000,  0.0000,  0.0000,  0.0000,  0.0000,  0.0000,  0.0000,  0.0000,
        11.7853, 10.0399,  0.0000,  0.0000,  0.0000,  0.0000,  0.0000, 70.4334,
         0.0000,  0.0000,  0.0000,  0.0000,  0.0000,  0.0000,  0.0000,  0.0000,
         0.0000,  0.0000,  0.0000,  0.0000,  0.0000,  0.0000,  0.0000,  0.0000,
         0.0000,  0.0000,  0.0000,  0.0000,  0.0000,  0.0000,  0.0000,  0.0000,
         0.0000,  0.0000,  0.0000,  0.0000,  0.0000,  0.0000,  0.0000,  0.0000,
         0.0000,  0.0000,  0.0000,  0.0000,  0.0000,  0.0000,  0.0000,  0.0000,
         0.0000,  0.0000,  0.0000, 79.6514,  0.0000,  0.0000,  0.0000,  0.0000,
         0.0000,  0.0000,  0.0000,  0.0000,  0.0000,  0.0000,  0.0000,  0.0000,
         0.0000,  0.0000,  0.0000,  0.0000,  0.0000,  0.0000,  0.0000,  0.0000,
         0.0000,  0.0000,  0.0000,  0.0000,  0.0000,  0.0000,  0.0000,  0.0000,
         0.0000,  0.0000,  0.0000,  0.0000,  0.0000,  0.0000,  0.0000,  0.0000,
         0.0000, 28.1438,  0.0000,  0.0000,  0.0000,  0.0000,  0.0000,  0.0000,
         0.0000,  0.0000, 48.4029,  0.0000,  0.0000,  0.0000,  0.0000,  0.0000,
         0.0000,  0.0000,  0.0000,  0.0000,  0.0000,  0.0000, 58.3782,  0.0000,
         0.0000,  0.0000,  0.0000,  0.0000,  0.0000,  0.0000,  0.0000,  0.0000,
         0.0000,  0.0000,  0.0000,  0.0000,  0.0000,  0.0000,  0.0000,  0.0000,
         0.0000,  0.0000,  0.0000,  0.0000,  0.0000,  0.0000,  0.0000,  0.0000,
         0.0000,  0.0000,  0.0000,  0.0000,  0.0000,  0.0000,  0.0000,  0.0000,
        58.0597,  0.0000, 39.6979,  0.0000, 66.1150])
2026-01-20 01:14:52,539 [INFO] Epoch 33 - Val MAP: 44.42, Val Loss: 3.6605
2026-01-20 01:14:52,540 [INFO] Epoch 33 - Sampled Val MAP: 47.07
2026-01-20 01:14:52,541 [INFO] Epoch 33, Total_Time 3957.41, Epoch_time 144.57
2026-01-20 01:14:52,541 [INFO] Epoch 34/49
2026-01-20 01:14:52,541 [INFO] ----------
2026-01-20 01:16:29,220 [INFO] Epoch 34, train-map: 6.0549
2026-01-20 01:16:29,250 [INFO] Epoch 34 - Train MAP: 6.05, Train Loss: 0.3851
2026-01-20 01:16:54,959 [INFO] Epoch 34, Full-val-map: 44.3368
2026-01-20 01:16:54,959 [INFO] Epoch 34, sampled-val-map: 44.5463
2026-01-20 01:16:54,989 [INFO] Sampled AP values: tensor([ 0.0000,  0.0000,  0.0000,  0.0000,  0.0000,  0.0000,  0.0000,  0.0000,
        13.6352, 11.4523,  0.0000,  0.0000,  0.0000,  0.0000,  0.0000, 78.4933,
         0.0000,  0.0000,  0.0000,  0.0000,  0.0000,  0.0000,  0.0000,  0.0000,
         0.0000,  0.0000,  0.0000,  0.0000,  0.0000,  0.0000,  0.0000,  0.0000,
         0.0000,  0.0000,  0.0000,  0.0000,  0.0000,  0.0000,  0.0000,  0.0000,
         0.0000,  0.0000,  0.0000,  0.0000,  0.0000,  0.0000,  0.0000,  0.0000,
         0.0000,  0.0000,  0.0000,  0.0000,  0.0000,  0.0000,  0.0000,  0.0000,
         0.0000,  0.0000,  0.0000, 71.6025,  0.0000,  0.0000,  0.0000,  0.0000,
         0.0000,  0.0000,  0.0000,  0.0000,  0.0000,  0.0000,  0.0000,  0.0000,
         0.0000,  0.0000,  0.0000,  0.0000,  0.0000,  0.0000,  0.0000,  0.0000,
         0.0000,  0.0000,  0.0000,  0.0000,  0.0000,  0.0000,  0.0000,  0.0000,
         0.0000,  0.0000,  0.0000,  0.0000,  0.0000,  0.0000,  0.0000,  0.0000,
         0.0000, 29.2282,  0.0000,  0.0000,  0.0000,  0.0000,  0.0000,  0.0000,
         0.0000,  0.0000, 56.6113,  0.0000,  0.0000,  0.0000,  0.0000,  0.0000,
         0.0000,  0.0000,  0.0000,  0.0000,  0.0000,  0.0000, 40.9858,  0.0000,
         0.0000,  0.0000,  0.0000,  0.0000,  0.0000,  0.0000,  0.0000,  0.0000,
         0.0000,  0.0000,  0.0000,  0.0000,  0.0000,  0.0000,  0.0000,  0.0000,
         0.0000,  0.0000,  0.0000,  0.0000,  0.0000,  0.0000,  0.0000,  0.0000,
         0.0000,  0.0000,  0.0000,  0.0000,  0.0000,  0.0000,  0.0000,  0.0000,
        39.6145,  0.0000, 44.2341,  0.0000, 59.6055])
2026-01-20 01:16:55,030 [INFO] Epoch 34 - Val MAP: 44.34, Val Loss: 3.4783
2026-01-20 01:16:55,031 [INFO] Epoch 34 - Sampled Val MAP: 44.55
2026-01-20 01:16:55,032 [INFO] Epoch 34, Total_Time 4079.90, Epoch_time 122.49
2026-01-20 01:16:55,032 [INFO] Epoch 35/49
2026-01-20 01:16:55,032 [INFO] ----------
2026-01-20 01:18:44,470 [INFO] Epoch 35, train-map: 6.0802
2026-01-20 01:18:44,499 [INFO] Epoch 35 - Train MAP: 6.08, Train Loss: 0.3578
2026-01-20 01:19:09,763 [INFO] Epoch 35, Full-val-map: 44.6099
2026-01-20 01:19:09,763 [INFO] Epoch 35, sampled-val-map: 47.8844
2026-01-20 01:19:09,793 [INFO] Sampled AP values: tensor([ 0.0000,  0.0000,  0.0000,  0.0000,  0.0000,  0.0000,  0.0000,  0.0000,
        18.8399, 11.5723,  0.0000,  0.0000,  0.0000,  0.0000,  0.0000, 71.3674,
         0.0000,  0.0000,  0.0000,  0.0000,  0.0000,  0.0000,  0.0000,  0.0000,
         0.0000,  0.0000,  0.0000,  0.0000,  0.0000,  0.0000,  0.0000,  0.0000,
         0.0000,  0.0000,  0.0000,  0.0000,  0.0000,  0.0000,  0.0000,  0.0000,
         0.0000,  0.0000,  0.0000,  0.0000,  0.0000,  0.0000,  0.0000,  0.0000,
         0.0000,  0.0000,  0.0000,  0.0000,  0.0000,  0.0000,  0.0000,  0.0000,
         0.0000,  0.0000,  0.0000, 79.3237,  0.0000,  0.0000,  0.0000,  0.0000,
         0.0000,  0.0000,  0.0000,  0.0000,  0.0000,  0.0000,  0.0000,  0.0000,
         0.0000,  0.0000,  0.0000,  0.0000,  0.0000,  0.0000,  0.0000,  0.0000,
         0.0000,  0.0000,  0.0000,  0.0000,  0.0000,  0.0000,  0.0000,  0.0000,
         0.0000,  0.0000,  0.0000,  0.0000,  0.0000,  0.0000,  0.0000,  0.0000,
         0.0000, 34.9926,  0.0000,  0.0000,  0.0000,  0.0000,  0.0000,  0.0000,
         0.0000,  0.0000, 53.1213,  0.0000,  0.0000,  0.0000,  0.0000,  0.0000,
         0.0000,  0.0000,  0.0000,  0.0000,  0.0000,  0.0000, 57.0118,  0.0000,
         0.0000,  0.0000,  0.0000,  0.0000,  0.0000,  0.0000,  0.0000,  0.0000,
         0.0000,  0.0000,  0.0000,  0.0000,  0.0000,  0.0000,  0.0000,  0.0000,
         0.0000,  0.0000,  0.0000,  0.0000,  0.0000,  0.0000,  0.0000,  0.0000,
         0.0000,  0.0000,  0.0000,  0.0000,  0.0000,  0.0000,  0.0000,  0.0000,
        59.2297,  0.0000, 41.0400,  0.0000, 52.3451])
2026-01-20 01:19:09,831 [INFO] Epoch 35 - Val MAP: 44.61, Val Loss: 3.5117
2026-01-20 01:19:09,831 [INFO] Epoch 35 - Sampled Val MAP: 47.88
2026-01-20 01:19:09,832 [INFO] Epoch 35, Total_Time 4214.70, Epoch_time 134.80
2026-01-20 01:19:09,832 [INFO] Epoch 36/49
2026-01-20 01:19:09,832 [INFO] ----------
2026-01-20 01:20:42,900 [INFO] Epoch 36, train-map: 5.8273
2026-01-20 01:20:42,930 [INFO] Epoch 36 - Train MAP: 5.83, Train Loss: 0.5633
2026-01-20 01:21:08,185 [INFO] Epoch 36, Full-val-map: 44.5280
2026-01-20 01:21:08,185 [INFO] Epoch 36, sampled-val-map: 45.5623
2026-01-20 01:21:08,215 [INFO] Sampled AP values: tensor([ 0.0000,  0.0000,  0.0000,  0.0000,  0.0000,  0.0000,  0.0000,  0.0000,
        12.8044, 11.1813,  0.0000,  0.0000,  0.0000,  0.0000,  0.0000, 77.4137,
         0.0000,  0.0000,  0.0000,  0.0000,  0.0000,  0.0000,  0.0000,  0.0000,
         0.0000,  0.0000,  0.0000,  0.0000,  0.0000,  0.0000,  0.0000,  0.0000,
         0.0000,  0.0000,  0.0000,  0.0000,  0.0000,  0.0000,  0.0000,  0.0000,
         0.0000,  0.0000,  0.0000,  0.0000,  0.0000,  0.0000,  0.0000,  0.0000,
         0.0000,  0.0000,  0.0000,  0.0000,  0.0000,  0.0000,  0.0000,  0.0000,
         0.0000,  0.0000,  0.0000, 73.4016,  0.0000,  0.0000,  0.0000,  0.0000,
         0.0000,  0.0000,  0.0000,  0.0000,  0.0000,  0.0000,  0.0000,  0.0000,
         0.0000,  0.0000,  0.0000,  0.0000,  0.0000,  0.0000,  0.0000,  0.0000,
         0.0000,  0.0000,  0.0000,  0.0000,  0.0000,  0.0000,  0.0000,  0.0000,
         0.0000,  0.0000,  0.0000,  0.0000,  0.0000,  0.0000,  0.0000,  0.0000,
         0.0000, 27.7980,  0.0000,  0.0000,  0.0000,  0.0000,  0.0000,  0.0000,
         0.0000,  0.0000, 47.4547,  0.0000,  0.0000,  0.0000,  0.0000,  0.0000,
         0.0000,  0.0000,  0.0000,  0.0000,  0.0000,  0.0000, 47.3259,  0.0000,
         0.0000,  0.0000,  0.0000,  0.0000,  0.0000,  0.0000,  0.0000,  0.0000,
         0.0000,  0.0000,  0.0000,  0.0000,  0.0000,  0.0000,  0.0000,  0.0000,
         0.0000,  0.0000,  0.0000,  0.0000,  0.0000,  0.0000,  0.0000,  0.0000,
         0.0000,  0.0000,  0.0000,  0.0000,  0.0000,  0.0000,  0.0000,  0.0000,
        61.0232,  0.0000, 37.0912,  0.0000, 60.1295])
2026-01-20 01:21:08,250 [INFO] Epoch 36 - Val MAP: 44.53, Val Loss: 3.1455
2026-01-20 01:21:08,251 [INFO] Epoch 36 - Sampled Val MAP: 45.56
2026-01-20 01:21:08,252 [INFO] Epoch 36, Total_Time 4333.12, Epoch_time 118.42
2026-01-20 01:21:08,252 [INFO] Epoch 37/49
2026-01-20 01:21:08,252 [INFO] ----------
2026-01-20 01:22:36,960 [INFO] Epoch 37, train-map: 6.1703
2026-01-20 01:22:36,990 [INFO] Epoch 37 - Train MAP: 6.17, Train Loss: 0.2866
2026-01-20 01:23:02,066 [INFO] Epoch 37, Full-val-map: 46.0150
2026-01-20 01:23:02,067 [INFO] Epoch 37, sampled-val-map: 47.8410
2026-01-20 01:23:02,096 [INFO] Sampled AP values: tensor([ 0.0000,  0.0000,  0.0000,  0.0000,  0.0000,  0.0000,  0.0000,  0.0000,
        29.0793, 10.1750,  0.0000,  0.0000,  0.0000,  0.0000,  0.0000, 75.1915,
         0.0000,  0.0000,  0.0000,  0.0000,  0.0000,  0.0000,  0.0000,  0.0000,
         0.0000,  0.0000,  0.0000,  0.0000,  0.0000,  0.0000,  0.0000,  0.0000,
         0.0000,  0.0000,  0.0000,  0.0000,  0.0000,  0.0000,  0.0000,  0.0000,
         0.0000,  0.0000,  0.0000,  0.0000,  0.0000,  0.0000,  0.0000,  0.0000,
         0.0000,  0.0000,  0.0000,  0.0000,  0.0000,  0.0000,  0.0000,  0.0000,
         0.0000,  0.0000,  0.0000, 75.6048,  0.0000,  0.0000,  0.0000,  0.0000,
         0.0000,  0.0000,  0.0000,  0.0000,  0.0000,  0.0000,  0.0000,  0.0000,
         0.0000,  0.0000,  0.0000,  0.0000,  0.0000,  0.0000,  0.0000,  0.0000,
         0.0000,  0.0000,  0.0000,  0.0000,  0.0000,  0.0000,  0.0000,  0.0000,
         0.0000,  0.0000,  0.0000,  0.0000,  0.0000,  0.0000,  0.0000,  0.0000,
         0.0000, 28.1079,  0.0000,  0.0000,  0.0000,  0.0000,  0.0000,  0.0000,
         0.0000,  0.0000, 44.6905,  0.0000,  0.0000,  0.0000,  0.0000,  0.0000,
         0.0000,  0.0000,  0.0000,  0.0000,  0.0000,  0.0000, 50.0508,  0.0000,
         0.0000,  0.0000,  0.0000,  0.0000,  0.0000,  0.0000,  0.0000,  0.0000,
         0.0000,  0.0000,  0.0000,  0.0000,  0.0000,  0.0000,  0.0000,  0.0000,
         0.0000,  0.0000,  0.0000,  0.0000,  0.0000,  0.0000,  0.0000,  0.0000,
         0.0000,  0.0000,  0.0000,  0.0000,  0.0000,  0.0000,  0.0000,  0.0000,
        60.4959,  0.0000, 39.5112,  0.0000, 65.5031])
2026-01-20 01:23:02,132 [INFO] Epoch 37 - Val MAP: 46.01, Val Loss: 3.6781
2026-01-20 01:23:02,133 [INFO] Epoch 37 - Sampled Val MAP: 47.84
2026-01-20 01:23:02,134 [INFO] Epoch 37, Total_Time 4447.01, Epoch_time 113.88
2026-01-20 01:23:02,134 [INFO] Epoch 38/49
2026-01-20 01:23:02,134 [INFO] ----------
2026-01-20 01:24:30,870 [INFO] Epoch 38, train-map: 5.9156
2026-01-20 01:24:30,900 [INFO] Epoch 38 - Train MAP: 5.92, Train Loss: 0.4376
2026-01-20 01:24:56,244 [INFO] Epoch 38, Full-val-map: 44.3015
2026-01-20 01:24:56,244 [INFO] Epoch 38, sampled-val-map: 45.8525
2026-01-20 01:24:56,274 [INFO] Sampled AP values: tensor([ 0.0000,  0.0000,  0.0000,  0.0000,  0.0000,  0.0000,  0.0000,  0.0000,
         8.5370,  7.5229,  0.0000,  0.0000,  0.0000,  0.0000,  0.0000, 77.2573,
         0.0000,  0.0000,  0.0000,  0.0000,  0.0000,  0.0000,  0.0000,  0.0000,
         0.0000,  0.0000,  0.0000,  0.0000,  0.0000,  0.0000,  0.0000,  0.0000,
         0.0000,  0.0000,  0.0000,  0.0000,  0.0000,  0.0000,  0.0000,  0.0000,
         0.0000,  0.0000,  0.0000,  0.0000,  0.0000,  0.0000,  0.0000,  0.0000,
         0.0000,  0.0000,  0.0000,  0.0000,  0.0000,  0.0000,  0.0000,  0.0000,
         0.0000,  0.0000,  0.0000, 72.1626,  0.0000,  0.0000,  0.0000,  0.0000,
         0.0000,  0.0000,  0.0000,  0.0000,  0.0000,  0.0000,  0.0000,  0.0000,
         0.0000,  0.0000,  0.0000,  0.0000,  0.0000,  0.0000,  0.0000,  0.0000,
         0.0000,  0.0000,  0.0000,  0.0000,  0.0000,  0.0000,  0.0000,  0.0000,
         0.0000,  0.0000,  0.0000,  0.0000,  0.0000,  0.0000,  0.0000,  0.0000,
         0.0000, 21.6618,  0.0000,  0.0000,  0.0000,  0.0000,  0.0000,  0.0000,
         0.0000,  0.0000, 50.1502,  0.0000,  0.0000,  0.0000,  0.0000,  0.0000,
         0.0000,  0.0000,  0.0000,  0.0000,  0.0000,  0.0000, 46.4117,  0.0000,
         0.0000,  0.0000,  0.0000,  0.0000,  0.0000,  0.0000,  0.0000,  0.0000,
         0.0000,  0.0000,  0.0000,  0.0000,  0.0000,  0.0000,  0.0000,  0.0000,
         0.0000,  0.0000,  0.0000,  0.0000,  0.0000,  0.0000,  0.0000,  0.0000,
         0.0000,  0.0000,  0.0000,  0.0000,  0.0000,  0.0000,  0.0000,  0.0000,
        71.8766,  0.0000, 46.5270,  0.0000, 56.4180])
2026-01-20 01:24:56,307 [INFO] Epoch 38 - Val MAP: 44.30, Val Loss: 3.2842
2026-01-20 01:24:56,308 [INFO] Epoch 38 - Sampled Val MAP: 45.85
2026-01-20 01:24:56,309 [INFO] Epoch 38, Total_Time 4561.18, Epoch_time 114.17
2026-01-20 01:24:56,309 [INFO] Epoch 39/49
2026-01-20 01:24:56,309 [INFO] ----------
2026-01-20 01:26:21,439 [INFO] Epoch 39, train-map: 6.0959
2026-01-20 01:26:21,467 [INFO] Epoch 39 - Train MAP: 6.10, Train Loss: 0.3177
2026-01-20 01:26:46,547 [INFO] Epoch 39, Full-val-map: 45.3582
2026-01-20 01:26:46,547 [INFO] Epoch 39, sampled-val-map: 48.3719
2026-01-20 01:26:46,577 [INFO] Sampled AP values: tensor([ 0.0000,  0.0000,  0.0000,  0.0000,  0.0000,  0.0000,  0.0000,  0.0000,
        11.3424, 10.6990,  0.0000,  0.0000,  0.0000,  0.0000,  0.0000, 80.0761,
         0.0000,  0.0000,  0.0000,  0.0000,  0.0000,  0.0000,  0.0000,  0.0000,
         0.0000,  0.0000,  0.0000,  0.0000,  0.0000,  0.0000,  0.0000,  0.0000,
         0.0000,  0.0000,  0.0000,  0.0000,  0.0000,  0.0000,  0.0000,  0.0000,
         0.0000,  0.0000,  0.0000,  0.0000,  0.0000,  0.0000,  0.0000,  0.0000,
         0.0000,  0.0000,  0.0000,  0.0000,  0.0000,  0.0000,  0.0000,  0.0000,
         0.0000,  0.0000,  0.0000, 74.1284,  0.0000,  0.0000,  0.0000,  0.0000,
         0.0000,  0.0000,  0.0000,  0.0000,  0.0000,  0.0000,  0.0000,  0.0000,
         0.0000,  0.0000,  0.0000,  0.0000,  0.0000,  0.0000,  0.0000,  0.0000,
         0.0000,  0.0000,  0.0000,  0.0000,  0.0000,  0.0000,  0.0000,  0.0000,
         0.0000,  0.0000,  0.0000,  0.0000,  0.0000,  0.0000,  0.0000,  0.0000,
         0.0000, 25.7009,  0.0000,  0.0000,  0.0000,  0.0000,  0.0000,  0.0000,
         0.0000,  0.0000, 50.6880,  0.0000,  0.0000,  0.0000,  0.0000,  0.0000,
         0.0000,  0.0000,  0.0000,  0.0000,  0.0000,  0.0000, 57.4880,  0.0000,
         0.0000,  0.0000,  0.0000,  0.0000,  0.0000,  0.0000,  0.0000,  0.0000,
         0.0000,  0.0000,  0.0000,  0.0000,  0.0000,  0.0000,  0.0000,  0.0000,
         0.0000,  0.0000,  0.0000,  0.0000,  0.0000,  0.0000,  0.0000,  0.0000,
         0.0000,  0.0000,  0.0000,  0.0000,  0.0000,  0.0000,  0.0000,  0.0000,
        65.7977,  0.0000, 44.3329,  0.0000, 63.4660])
2026-01-20 01:26:46,612 [INFO] Epoch 39 - Val MAP: 45.36, Val Loss: 3.6869
2026-01-20 01:26:46,613 [INFO] Epoch 39 - Sampled Val MAP: 48.37
2026-01-20 01:26:46,614 [INFO] Epoch 39, Total_Time 4671.49, Epoch_time 110.30
2026-01-20 01:26:46,614 [INFO] Epoch 40/49
2026-01-20 01:26:46,614 [INFO] ----------
2026-01-20 01:28:23,428 [INFO] Epoch 40, train-map: 6.2028
2026-01-20 01:28:23,458 [INFO] Epoch 40 - Train MAP: 6.20, Train Loss: 0.2527
2026-01-20 01:28:48,866 [INFO] Epoch 40, Full-val-map: 44.6474
2026-01-20 01:28:48,866 [INFO] Epoch 40, sampled-val-map: 49.5804
2026-01-20 01:28:48,896 [INFO] Sampled AP values: tensor([ 0.0000,  0.0000,  0.0000,  0.0000,  0.0000,  0.0000,  0.0000,  0.0000,
        17.8365, 12.8550,  0.0000,  0.0000,  0.0000,  0.0000,  0.0000, 73.1403,
         0.0000,  0.0000,  0.0000,  0.0000,  0.0000,  0.0000,  0.0000,  0.0000,
         0.0000,  0.0000,  0.0000,  0.0000,  0.0000,  0.0000,  0.0000,  0.0000,
         0.0000,  0.0000,  0.0000,  0.0000,  0.0000,  0.0000,  0.0000,  0.0000,
         0.0000,  0.0000,  0.0000,  0.0000,  0.0000,  0.0000,  0.0000,  0.0000,
         0.0000,  0.0000,  0.0000,  0.0000,  0.0000,  0.0000,  0.0000,  0.0000,
         0.0000,  0.0000,  0.0000, 75.6870,  0.0000,  0.0000,  0.0000,  0.0000,
         0.0000,  0.0000,  0.0000,  0.0000,  0.0000,  0.0000,  0.0000,  0.0000,
         0.0000,  0.0000,  0.0000,  0.0000,  0.0000,  0.0000,  0.0000,  0.0000,
         0.0000,  0.0000,  0.0000,  0.0000,  0.0000,  0.0000,  0.0000,  0.0000,
         0.0000,  0.0000,  0.0000,  0.0000,  0.0000,  0.0000,  0.0000,  0.0000,
         0.0000, 26.5850,  0.0000,  0.0000,  0.0000,  0.0000,  0.0000,  0.0000,
         0.0000,  0.0000, 56.5247,  0.0000,  0.0000,  0.0000,  0.0000,  0.0000,
         0.0000,  0.0000,  0.0000,  0.0000,  0.0000,  0.0000, 53.7483,  0.0000,
         0.0000,  0.0000,  0.0000,  0.0000,  0.0000,  0.0000,  0.0000,  0.0000,
         0.0000,  0.0000,  0.0000,  0.0000,  0.0000,  0.0000,  0.0000,  0.0000,
         0.0000,  0.0000,  0.0000,  0.0000,  0.0000,  0.0000,  0.0000,  0.0000,
         0.0000,  0.0000,  0.0000,  0.0000,  0.0000,  0.0000,  0.0000,  0.0000,
        76.9331,  0.0000, 40.9343,  0.0000, 61.5599])
2026-01-20 01:28:48,931 [INFO] Epoch 40 - Val MAP: 44.65, Val Loss: 3.8721
2026-01-20 01:28:48,931 [INFO] Epoch 40 - Sampled Val MAP: 49.58
2026-01-20 01:28:48,932 [INFO] Epoch 40, Total_Time 4793.80, Epoch_time 122.32
2026-01-20 01:28:48,932 [INFO] Epoch 41/49
2026-01-20 01:28:48,932 [INFO] ----------
2026-01-20 01:30:16,791 [INFO] Epoch 41, train-map: 6.1760
2026-01-20 01:30:16,820 [INFO] Epoch 41 - Train MAP: 6.18, Train Loss: 0.2730
2026-01-20 01:30:42,519 [INFO] Epoch 41, Full-val-map: 45.3415
2026-01-20 01:30:42,519 [INFO] Epoch 41, sampled-val-map: 45.7600
2026-01-20 01:30:42,548 [INFO] Sampled AP values: tensor([ 0.0000,  0.0000,  0.0000,  0.0000,  0.0000,  0.0000,  0.0000,  0.0000,
        11.6098,  9.4692,  0.0000,  0.0000,  0.0000,  0.0000,  0.0000, 80.4247,
         0.0000,  0.0000,  0.0000,  0.0000,  0.0000,  0.0000,  0.0000,  0.0000,
         0.0000,  0.0000,  0.0000,  0.0000,  0.0000,  0.0000,  0.0000,  0.0000,
         0.0000,  0.0000,  0.0000,  0.0000,  0.0000,  0.0000,  0.0000,  0.0000,
         0.0000,  0.0000,  0.0000,  0.0000,  0.0000,  0.0000,  0.0000,  0.0000,
         0.0000,  0.0000,  0.0000,  0.0000,  0.0000,  0.0000,  0.0000,  0.0000,
         0.0000,  0.0000,  0.0000, 71.5198,  0.0000,  0.0000,  0.0000,  0.0000,
         0.0000,  0.0000,  0.0000,  0.0000,  0.0000,  0.0000,  0.0000,  0.0000,
         0.0000,  0.0000,  0.0000,  0.0000,  0.0000,  0.0000,  0.0000,  0.0000,
         0.0000,  0.0000,  0.0000,  0.0000,  0.0000,  0.0000,  0.0000,  0.0000,
         0.0000,  0.0000,  0.0000,  0.0000,  0.0000,  0.0000,  0.0000,  0.0000,
         0.0000, 20.7844,  0.0000,  0.0000,  0.0000,  0.0000,  0.0000,  0.0000,
         0.0000,  0.0000, 55.0312,  0.0000,  0.0000,  0.0000,  0.0000,  0.0000,
         0.0000,  0.0000,  0.0000,  0.0000,  0.0000,  0.0000, 57.0143,  0.0000,
         0.0000,  0.0000,  0.0000,  0.0000,  0.0000,  0.0000,  0.0000,  0.0000,
         0.0000,  0.0000,  0.0000,  0.0000,  0.0000,  0.0000,  0.0000,  0.0000,
         0.0000,  0.0000,  0.0000,  0.0000,  0.0000,  0.0000,  0.0000,  0.0000,
         0.0000,  0.0000,  0.0000,  0.0000,  0.0000,  0.0000,  0.0000,  0.0000,
        53.4816,  0.0000, 41.4460,  0.0000, 56.8190])
2026-01-20 01:30:42,585 [INFO] Epoch 41 - Val MAP: 45.34, Val Loss: 3.7782
2026-01-20 01:30:42,586 [INFO] Epoch 41 - Sampled Val MAP: 45.76
2026-01-20 01:30:42,587 [INFO] Epoch 41, Total_Time 4907.46, Epoch_time 113.65
2026-01-20 01:30:42,587 [INFO] Epoch 42/49
2026-01-20 01:30:42,587 [INFO] ----------
2026-01-20 01:32:15,141 [INFO] Epoch 42, train-map: 6.1242
2026-01-20 01:32:15,170 [INFO] Epoch 42 - Train MAP: 6.12, Train Loss: 0.3107
2026-01-20 01:32:48,618 [INFO] Epoch 42, Full-val-map: 44.3428
2026-01-20 01:32:48,618 [INFO] Epoch 42, sampled-val-map: 46.5237
2026-01-20 01:32:48,653 [INFO] Sampled AP values: tensor([ 0.0000,  0.0000,  0.0000,  0.0000,  0.0000,  0.0000,  0.0000,  0.0000,
        19.3710,  8.9914,  0.0000,  0.0000,  0.0000,  0.0000,  0.0000, 75.9264,
         0.0000,  0.0000,  0.0000,  0.0000,  0.0000,  0.0000,  0.0000,  0.0000,
         0.0000,  0.0000,  0.0000,  0.0000,  0.0000,  0.0000,  0.0000,  0.0000,
         0.0000,  0.0000,  0.0000,  0.0000,  0.0000,  0.0000,  0.0000,  0.0000,
         0.0000,  0.0000,  0.0000,  0.0000,  0.0000,  0.0000,  0.0000,  0.0000,
         0.0000,  0.0000,  0.0000,  0.0000,  0.0000,  0.0000,  0.0000,  0.0000,
         0.0000,  0.0000,  0.0000, 76.1356,  0.0000,  0.0000,  0.0000,  0.0000,
         0.0000,  0.0000,  0.0000,  0.0000,  0.0000,  0.0000,  0.0000,  0.0000,
         0.0000,  0.0000,  0.0000,  0.0000,  0.0000,  0.0000,  0.0000,  0.0000,
         0.0000,  0.0000,  0.0000,  0.0000,  0.0000,  0.0000,  0.0000,  0.0000,
         0.0000,  0.0000,  0.0000,  0.0000,  0.0000,  0.0000,  0.0000,  0.0000,
         0.0000, 25.2503,  0.0000,  0.0000,  0.0000,  0.0000,  0.0000,  0.0000,
         0.0000,  0.0000, 55.1843,  0.0000,  0.0000,  0.0000,  0.0000,  0.0000,
         0.0000,  0.0000,  0.0000,  0.0000,  0.0000,  0.0000, 60.6215,  0.0000,
         0.0000,  0.0000,  0.0000,  0.0000,  0.0000,  0.0000,  0.0000,  0.0000,
         0.0000,  0.0000,  0.0000,  0.0000,  0.0000,  0.0000,  0.0000,  0.0000,
         0.0000,  0.0000,  0.0000,  0.0000,  0.0000,  0.0000,  0.0000,  0.0000,
         0.0000,  0.0000,  0.0000,  0.0000,  0.0000,  0.0000,  0.0000,  0.0000,
        42.2079,  0.0000, 42.5551,  0.0000, 58.9932])
2026-01-20 01:32:48,689 [INFO] Epoch 42 - Val MAP: 44.34, Val Loss: 3.8233
2026-01-20 01:32:48,690 [INFO] Epoch 42 - Sampled Val MAP: 46.52
2026-01-20 01:32:48,691 [INFO] Epoch 42, Total_Time 5033.56, Epoch_time 126.10
2026-01-20 01:32:48,691 [INFO] Epoch 43/49
2026-01-20 01:32:48,691 [INFO] ----------
2026-01-20 01:34:21,713 [INFO] Epoch 43, train-map: 6.1474
2026-01-20 01:34:21,740 [INFO] Epoch 43 - Train MAP: 6.15, Train Loss: 0.2901
2026-01-20 01:34:55,762 [INFO] Epoch 43, Full-val-map: 44.4197
2026-01-20 01:34:55,762 [INFO] Epoch 43, sampled-val-map: 47.8719
2026-01-20 01:34:55,797 [INFO] Sampled AP values: tensor([ 0.0000,  0.0000,  0.0000,  0.0000,  0.0000,  0.0000,  0.0000,  0.0000,
        17.0324, 11.8350,  0.0000,  0.0000,  0.0000,  0.0000,  0.0000, 76.5001,
         0.0000,  0.0000,  0.0000,  0.0000,  0.0000,  0.0000,  0.0000,  0.0000,
         0.0000,  0.0000,  0.0000,  0.0000,  0.0000,  0.0000,  0.0000,  0.0000,
         0.0000,  0.0000,  0.0000,  0.0000,  0.0000,  0.0000,  0.0000,  0.0000,
         0.0000,  0.0000,  0.0000,  0.0000,  0.0000,  0.0000,  0.0000,  0.0000,
         0.0000,  0.0000,  0.0000,  0.0000,  0.0000,  0.0000,  0.0000,  0.0000,
         0.0000,  0.0000,  0.0000, 81.5022,  0.0000,  0.0000,  0.0000,  0.0000,
         0.0000,  0.0000,  0.0000,  0.0000,  0.0000,  0.0000,  0.0000,  0.0000,
         0.0000,  0.0000,  0.0000,  0.0000,  0.0000,  0.0000,  0.0000,  0.0000,
         0.0000,  0.0000,  0.0000,  0.0000,  0.0000,  0.0000,  0.0000,  0.0000,
         0.0000,  0.0000,  0.0000,  0.0000,  0.0000,  0.0000,  0.0000,  0.0000,
         0.0000, 23.9110,  0.0000,  0.0000,  0.0000,  0.0000,  0.0000,  0.0000,
         0.0000,  0.0000, 53.2883,  0.0000,  0.0000,  0.0000,  0.0000,  0.0000,
         0.0000,  0.0000,  0.0000,  0.0000,  0.0000,  0.0000, 61.4707,  0.0000,
         0.0000,  0.0000,  0.0000,  0.0000,  0.0000,  0.0000,  0.0000,  0.0000,
         0.0000,  0.0000,  0.0000,  0.0000,  0.0000,  0.0000,  0.0000,  0.0000,
         0.0000,  0.0000,  0.0000,  0.0000,  0.0000,  0.0000,  0.0000,  0.0000,
         0.0000,  0.0000,  0.0000,  0.0000,  0.0000,  0.0000,  0.0000,  0.0000,
        56.6894,  0.0000, 43.0168,  0.0000, 53.4727])
2026-01-20 01:34:55,836 [INFO] Epoch 43 - Val MAP: 44.42, Val Loss: 3.6366
2026-01-20 01:34:55,837 [INFO] Epoch 43 - Sampled Val MAP: 47.87
2026-01-20 01:34:55,838 [INFO] Epoch 43, Total_Time 5160.71, Epoch_time 127.15
2026-01-20 01:34:55,838 [INFO] Epoch 44/49
2026-01-20 01:34:55,838 [INFO] ----------
2026-01-20 01:36:33,855 [INFO] Epoch 44, train-map: 6.1578
2026-01-20 01:36:33,893 [INFO] Epoch 44 - Train MAP: 6.16, Train Loss: 0.2934
2026-01-20 01:36:58,963 [INFO] Epoch 44, Full-val-map: 44.8056
2026-01-20 01:36:58,963 [INFO] Epoch 44, sampled-val-map: 47.2278
2026-01-20 01:36:58,993 [INFO] Sampled AP values: tensor([ 0.0000,  0.0000,  0.0000,  0.0000,  0.0000,  0.0000,  0.0000,  0.0000,
        19.4611, 12.3792,  0.0000,  0.0000,  0.0000,  0.0000,  0.0000, 77.0877,
         0.0000,  0.0000,  0.0000,  0.0000,  0.0000,  0.0000,  0.0000,  0.0000,
         0.0000,  0.0000,  0.0000,  0.0000,  0.0000,  0.0000,  0.0000,  0.0000,
         0.0000,  0.0000,  0.0000,  0.0000,  0.0000,  0.0000,  0.0000,  0.0000,
         0.0000,  0.0000,  0.0000,  0.0000,  0.0000,  0.0000,  0.0000,  0.0000,
         0.0000,  0.0000,  0.0000,  0.0000,  0.0000,  0.0000,  0.0000,  0.0000,
         0.0000,  0.0000,  0.0000, 75.4848,  0.0000,  0.0000,  0.0000,  0.0000,
         0.0000,  0.0000,  0.0000,  0.0000,  0.0000,  0.0000,  0.0000,  0.0000,
         0.0000,  0.0000,  0.0000,  0.0000,  0.0000,  0.0000,  0.0000,  0.0000,
         0.0000,  0.0000,  0.0000,  0.0000,  0.0000,  0.0000,  0.0000,  0.0000,
         0.0000,  0.0000,  0.0000,  0.0000,  0.0000,  0.0000,  0.0000,  0.0000,
         0.0000, 25.3836,  0.0000,  0.0000,  0.0000,  0.0000,  0.0000,  0.0000,
         0.0000,  0.0000, 44.4389,  0.0000,  0.0000,  0.0000,  0.0000,  0.0000,
         0.0000,  0.0000,  0.0000,  0.0000,  0.0000,  0.0000, 63.9337,  0.0000,
         0.0000,  0.0000,  0.0000,  0.0000,  0.0000,  0.0000,  0.0000,  0.0000,
         0.0000,  0.0000,  0.0000,  0.0000,  0.0000,  0.0000,  0.0000,  0.0000,
         0.0000,  0.0000,  0.0000,  0.0000,  0.0000,  0.0000,  0.0000,  0.0000,
         0.0000,  0.0000,  0.0000,  0.0000,  0.0000,  0.0000,  0.0000,  0.0000,
        50.2604,  0.0000, 44.0724,  0.0000, 59.7762])
2026-01-20 01:36:59,027 [INFO] Epoch 44 - Val MAP: 44.81, Val Loss: 3.5801
2026-01-20 01:36:59,028 [INFO] Epoch 44 - Sampled Val MAP: 47.23
2026-01-20 01:36:59,029 [INFO] Epoch 44, Total_Time 5283.90, Epoch_time 123.19
2026-01-20 01:36:59,029 [INFO] Epoch 45/49
2026-01-20 01:36:59,029 [INFO] ----------
2026-01-20 01:38:48,027 [INFO] Epoch 45, train-map: 6.2194
2026-01-20 01:38:48,054 [INFO] Epoch 45 - Train MAP: 6.22, Train Loss: 0.2534
2026-01-20 01:39:13,372 [INFO] Epoch 45, Full-val-map: 44.6068
2026-01-20 01:39:13,372 [INFO] Epoch 45, sampled-val-map: 48.5334
2026-01-20 01:39:13,401 [INFO] Sampled AP values: tensor([ 0.0000,  0.0000,  0.0000,  0.0000,  0.0000,  0.0000,  0.0000,  0.0000,
        17.6134,  7.6637,  0.0000,  0.0000,  0.0000,  0.0000,  0.0000, 80.0405,
         0.0000,  0.0000,  0.0000,  0.0000,  0.0000,  0.0000,  0.0000,  0.0000,
         0.0000,  0.0000,  0.0000,  0.0000,  0.0000,  0.0000,  0.0000,  0.0000,
         0.0000,  0.0000,  0.0000,  0.0000,  0.0000,  0.0000,  0.0000,  0.0000,
         0.0000,  0.0000,  0.0000,  0.0000,  0.0000,  0.0000,  0.0000,  0.0000,
         0.0000,  0.0000,  0.0000,  0.0000,  0.0000,  0.0000,  0.0000,  0.0000,
         0.0000,  0.0000,  0.0000, 71.5716,  0.0000,  0.0000,  0.0000,  0.0000,
         0.0000,  0.0000,  0.0000,  0.0000,  0.0000,  0.0000,  0.0000,  0.0000,
         0.0000,  0.0000,  0.0000,  0.0000,  0.0000,  0.0000,  0.0000,  0.0000,
         0.0000,  0.0000,  0.0000,  0.0000,  0.0000,  0.0000,  0.0000,  0.0000,
         0.0000,  0.0000,  0.0000,  0.0000,  0.0000,  0.0000,  0.0000,  0.0000,
         0.0000, 32.7385,  0.0000,  0.0000,  0.0000,  0.0000,  0.0000,  0.0000,
         0.0000,  0.0000, 53.4468,  0.0000,  0.0000,  0.0000,  0.0000,  0.0000,
         0.0000,  0.0000,  0.0000,  0.0000,  0.0000,  0.0000, 61.8486,  0.0000,
         0.0000,  0.0000,  0.0000,  0.0000,  0.0000,  0.0000,  0.0000,  0.0000,
         0.0000,  0.0000,  0.0000,  0.0000,  0.0000,  0.0000,  0.0000,  0.0000,
         0.0000,  0.0000,  0.0000,  0.0000,  0.0000,  0.0000,  0.0000,  0.0000,
         0.0000,  0.0000,  0.0000,  0.0000,  0.0000,  0.0000,  0.0000,  0.0000,
        60.9064,  0.0000, 44.1279,  0.0000, 55.3762])
2026-01-20 01:39:13,441 [INFO] Epoch 45 - Val MAP: 44.61, Val Loss: 3.8657
2026-01-20 01:39:13,441 [INFO] Epoch 45 - Sampled Val MAP: 48.53
2026-01-20 01:39:13,442 [INFO] Epoch 45, Total_Time 5418.31, Epoch_time 134.41
2026-01-20 01:39:13,442 [INFO] Epoch 46/49
2026-01-20 01:39:13,442 [INFO] ----------
2026-01-20 01:40:41,178 [INFO] Epoch 46, train-map: 6.1915
2026-01-20 01:40:41,208 [INFO] Epoch 46 - Train MAP: 6.19, Train Loss: 0.2817
2026-01-20 01:41:07,570 [INFO] Epoch 46, Full-val-map: 44.6189
2026-01-20 01:41:07,571 [INFO] Epoch 46, sampled-val-map: 49.1820
2026-01-20 01:41:07,600 [INFO] Sampled AP values: tensor([ 0.0000,  0.0000,  0.0000,  0.0000,  0.0000,  0.0000,  0.0000,  0.0000,
        26.6081,  6.6903,  0.0000,  0.0000,  0.0000,  0.0000,  0.0000, 70.9917,
         0.0000,  0.0000,  0.0000,  0.0000,  0.0000,  0.0000,  0.0000,  0.0000,
         0.0000,  0.0000,  0.0000,  0.0000,  0.0000,  0.0000,  0.0000,  0.0000,
         0.0000,  0.0000,  0.0000,  0.0000,  0.0000,  0.0000,  0.0000,  0.0000,
         0.0000,  0.0000,  0.0000,  0.0000,  0.0000,  0.0000,  0.0000,  0.0000,
         0.0000,  0.0000,  0.0000,  0.0000,  0.0000,  0.0000,  0.0000,  0.0000,
         0.0000,  0.0000,  0.0000, 76.7009,  0.0000,  0.0000,  0.0000,  0.0000,
         0.0000,  0.0000,  0.0000,  0.0000,  0.0000,  0.0000,  0.0000,  0.0000,
         0.0000,  0.0000,  0.0000,  0.0000,  0.0000,  0.0000,  0.0000,  0.0000,
         0.0000,  0.0000,  0.0000,  0.0000,  0.0000,  0.0000,  0.0000,  0.0000,
         0.0000,  0.0000,  0.0000,  0.0000,  0.0000,  0.0000,  0.0000,  0.0000,
         0.0000, 23.2839,  0.0000,  0.0000,  0.0000,  0.0000,  0.0000,  0.0000,
         0.0000,  0.0000, 55.2535,  0.0000,  0.0000,  0.0000,  0.0000,  0.0000,
         0.0000,  0.0000,  0.0000,  0.0000,  0.0000,  0.0000, 56.8969,  0.0000,
         0.0000,  0.0000,  0.0000,  0.0000,  0.0000,  0.0000,  0.0000,  0.0000,
         0.0000,  0.0000,  0.0000,  0.0000,  0.0000,  0.0000,  0.0000,  0.0000,
         0.0000,  0.0000,  0.0000,  0.0000,  0.0000,  0.0000,  0.0000,  0.0000,
         0.0000,  0.0000,  0.0000,  0.0000,  0.0000,  0.0000,  0.0000,  0.0000,
        70.7307,  0.0000, 43.3292,  0.0000, 61.3350])
2026-01-20 01:41:07,635 [INFO] Epoch 46 - Val MAP: 44.62, Val Loss: 3.8415
2026-01-20 01:41:07,636 [INFO] Epoch 46 - Sampled Val MAP: 49.18
2026-01-20 01:41:07,636 [INFO] Epoch 46, Total_Time 5532.51, Epoch_time 114.19
2026-01-20 01:41:07,636 [INFO] Epoch 47/49
2026-01-20 01:41:07,637 [INFO] ----------
2026-01-20 01:42:34,278 [INFO] Epoch 47, train-map: 6.1798
2026-01-20 01:42:34,306 [INFO] Epoch 47 - Train MAP: 6.18, Train Loss: 0.2792
2026-01-20 01:43:00,222 [INFO] Epoch 47, Full-val-map: 44.4050
2026-01-20 01:43:00,222 [INFO] Epoch 47, sampled-val-map: 45.7536
2026-01-20 01:43:00,251 [INFO] Sampled AP values: tensor([ 0.0000,  0.0000,  0.0000,  0.0000,  0.0000,  0.0000,  0.0000,  0.0000,
        19.0925,  8.6932,  0.0000,  0.0000,  0.0000,  0.0000,  0.0000, 63.1215,
         0.0000,  0.0000,  0.0000,  0.0000,  0.0000,  0.0000,  0.0000,  0.0000,
         0.0000,  0.0000,  0.0000,  0.0000,  0.0000,  0.0000,  0.0000,  0.0000,
         0.0000,  0.0000,  0.0000,  0.0000,  0.0000,  0.0000,  0.0000,  0.0000,
         0.0000,  0.0000,  0.0000,  0.0000,  0.0000,  0.0000,  0.0000,  0.0000,
         0.0000,  0.0000,  0.0000,  0.0000,  0.0000,  0.0000,  0.0000,  0.0000,
         0.0000,  0.0000,  0.0000, 69.0904,  0.0000,  0.0000,  0.0000,  0.0000,
         0.0000,  0.0000,  0.0000,  0.0000,  0.0000,  0.0000,  0.0000,  0.0000,
         0.0000,  0.0000,  0.0000,  0.0000,  0.0000,  0.0000,  0.0000,  0.0000,
         0.0000,  0.0000,  0.0000,  0.0000,  0.0000,  0.0000,  0.0000,  0.0000,
         0.0000,  0.0000,  0.0000,  0.0000,  0.0000,  0.0000,  0.0000,  0.0000,
         0.0000, 27.9830,  0.0000,  0.0000,  0.0000,  0.0000,  0.0000,  0.0000,
         0.0000,  0.0000, 50.2223,  0.0000,  0.0000,  0.0000,  0.0000,  0.0000,
         0.0000,  0.0000,  0.0000,  0.0000,  0.0000,  0.0000, 54.9700,  0.0000,
         0.0000,  0.0000,  0.0000,  0.0000,  0.0000,  0.0000,  0.0000,  0.0000,
         0.0000,  0.0000,  0.0000,  0.0000,  0.0000,  0.0000,  0.0000,  0.0000,
         0.0000,  0.0000,  0.0000,  0.0000,  0.0000,  0.0000,  0.0000,  0.0000,
         0.0000,  0.0000,  0.0000,  0.0000,  0.0000,  0.0000,  0.0000,  0.0000,
        66.7860,  0.0000, 40.3970,  0.0000, 57.1805])
2026-01-20 01:43:00,292 [INFO] Epoch 47 - Val MAP: 44.40, Val Loss: 3.7660
2026-01-20 01:43:00,293 [INFO] Epoch 47 - Sampled Val MAP: 45.75
2026-01-20 01:43:00,294 [INFO] Epoch 47, Total_Time 5645.17, Epoch_time 112.66
2026-01-20 01:43:00,294 [INFO] Epoch 48/49
2026-01-20 01:43:00,294 [INFO] ----------
2026-01-20 01:44:24,383 [INFO] Epoch 48, train-map: 6.2083
2026-01-20 01:44:24,412 [INFO] Epoch 48 - Train MAP: 6.21, Train Loss: 0.2634
2026-01-20 01:44:50,050 [INFO] Epoch 48, Full-val-map: 44.2358
2026-01-20 01:44:50,050 [INFO] Epoch 48, sampled-val-map: 47.0167
2026-01-20 01:44:50,079 [INFO] Sampled AP values: tensor([ 0.0000,  0.0000,  0.0000,  0.0000,  0.0000,  0.0000,  0.0000,  0.0000,
        23.5602,  9.0005,  0.0000,  0.0000,  0.0000,  0.0000,  0.0000, 70.9703,
         0.0000,  0.0000,  0.0000,  0.0000,  0.0000,  0.0000,  0.0000,  0.0000,
         0.0000,  0.0000,  0.0000,  0.0000,  0.0000,  0.0000,  0.0000,  0.0000,
         0.0000,  0.0000,  0.0000,  0.0000,  0.0000,  0.0000,  0.0000,  0.0000,
         0.0000,  0.0000,  0.0000,  0.0000,  0.0000,  0.0000,  0.0000,  0.0000,
         0.0000,  0.0000,  0.0000,  0.0000,  0.0000,  0.0000,  0.0000,  0.0000,
         0.0000,  0.0000,  0.0000, 67.4965,  0.0000,  0.0000,  0.0000,  0.0000,
         0.0000,  0.0000,  0.0000,  0.0000,  0.0000,  0.0000,  0.0000,  0.0000,
         0.0000,  0.0000,  0.0000,  0.0000,  0.0000,  0.0000,  0.0000,  0.0000,
         0.0000,  0.0000,  0.0000,  0.0000,  0.0000,  0.0000,  0.0000,  0.0000,
         0.0000,  0.0000,  0.0000,  0.0000,  0.0000,  0.0000,  0.0000,  0.0000,
         0.0000, 28.4900,  0.0000,  0.0000,  0.0000,  0.0000,  0.0000,  0.0000,
         0.0000,  0.0000, 54.3297,  0.0000,  0.0000,  0.0000,  0.0000,  0.0000,
         0.0000,  0.0000,  0.0000,  0.0000,  0.0000,  0.0000, 52.3426,  0.0000,
         0.0000,  0.0000,  0.0000,  0.0000,  0.0000,  0.0000,  0.0000,  0.0000,
         0.0000,  0.0000,  0.0000,  0.0000,  0.0000,  0.0000,  0.0000,  0.0000,
         0.0000,  0.0000,  0.0000,  0.0000,  0.0000,  0.0000,  0.0000,  0.0000,
         0.0000,  0.0000,  0.0000,  0.0000,  0.0000,  0.0000,  0.0000,  0.0000,
        54.5361,  0.0000, 44.0773,  0.0000, 65.3643])
2026-01-20 01:44:50,114 [INFO] Epoch 48 - Val MAP: 44.24, Val Loss: 4.0206
2026-01-20 01:44:50,114 [INFO] Epoch 48 - Sampled Val MAP: 47.02
2026-01-20 01:44:50,115 [INFO] Epoch 48, Total_Time 5754.99, Epoch_time 109.82
2026-01-20 01:44:50,115 [INFO] Epoch 49/49
2026-01-20 01:44:50,116 [INFO] ----------
2026-01-20 01:46:18,429 [INFO] Epoch 49, train-map: 6.2060
2026-01-20 01:46:18,458 [INFO] Epoch 49 - Train MAP: 6.21, Train Loss: 0.2484
2026-01-20 01:46:43,604 [INFO] Epoch 49, Full-val-map: 43.8483
2026-01-20 01:46:43,604 [INFO] Epoch 49, sampled-val-map: 44.0844
2026-01-20 01:46:43,633 [INFO] Sampled AP values: tensor([ 0.0000,  0.0000,  0.0000,  0.0000,  0.0000,  0.0000,  0.0000,  0.0000,
        23.8231,  7.1524,  0.0000,  0.0000,  0.0000,  0.0000,  0.0000, 65.1987,
         0.0000,  0.0000,  0.0000,  0.0000,  0.0000,  0.0000,  0.0000,  0.0000,
         0.0000,  0.0000,  0.0000,  0.0000,  0.0000,  0.0000,  0.0000,  0.0000,
         0.0000,  0.0000,  0.0000,  0.0000,  0.0000,  0.0000,  0.0000,  0.0000,
         0.0000,  0.0000,  0.0000,  0.0000,  0.0000,  0.0000,  0.0000,  0.0000,
         0.0000,  0.0000,  0.0000,  0.0000,  0.0000,  0.0000,  0.0000,  0.0000,
         0.0000,  0.0000,  0.0000, 62.1569,  0.0000,  0.0000,  0.0000,  0.0000,
         0.0000,  0.0000,  0.0000,  0.0000,  0.0000,  0.0000,  0.0000,  0.0000,
         0.0000,  0.0000,  0.0000,  0.0000,  0.0000,  0.0000,  0.0000,  0.0000,
         0.0000,  0.0000,  0.0000,  0.0000,  0.0000,  0.0000,  0.0000,  0.0000,
         0.0000,  0.0000,  0.0000,  0.0000,  0.0000,  0.0000,  0.0000,  0.0000,
         0.0000, 29.9787,  0.0000,  0.0000,  0.0000,  0.0000,  0.0000,  0.0000,
         0.0000,  0.0000, 55.8324,  0.0000,  0.0000,  0.0000,  0.0000,  0.0000,
         0.0000,  0.0000,  0.0000,  0.0000,  0.0000,  0.0000, 62.5791,  0.0000,
         0.0000,  0.0000,  0.0000,  0.0000,  0.0000,  0.0000,  0.0000,  0.0000,
         0.0000,  0.0000,  0.0000,  0.0000,  0.0000,  0.0000,  0.0000,  0.0000,
         0.0000,  0.0000,  0.0000,  0.0000,  0.0000,  0.0000,  0.0000,  0.0000,
         0.0000,  0.0000,  0.0000,  0.0000,  0.0000,  0.0000,  0.0000,  0.0000,
        38.5570,  0.0000, 36.9515,  0.0000, 58.6141])
2026-01-20 01:46:43,674 [INFO] Epoch 49 - Val MAP: 43.85, Val Loss: 3.8762
2026-01-20 01:46:43,674 [INFO] Epoch 49 - Sampled Val MAP: 44.08
2026-01-20 01:46:43,675 [INFO] Epoch 49, Total_Time 5868.55, Epoch_time 113.56
